Count	Cluster	Cmi	Cpl	Ler	Loc	Gga	Xtr
##group=1
211	CL00011	Cmi01	Cpl01	Ler01	Loc04	Gga04	Xtr01
92	CL00040	Cmi01	Cpl32	Ler01	Loc04	Gga04	Xtr01
52	CL00046	Cmi01	Cpl02	Ler03	Loc04	Gga04	Xtr01
36	CL00053	Cmi01	Cpl01	Ler01	Loc02	Gga04	Xtr01
24	CL00684	Cmi01	Cpl01		Loc04	Gga04	Xtr01
23	CL00057	Cmi01	Cpl32	Ler01	Loc02	Gga04	Xtr01
17	CL00063	Cmi01	Cpl02	Ler03	Loc02	Gga04	Xtr01
12	CL00091	Cmi01	Cpl01	LerSca	Loc04	Gga04	Xtr01
11	CL00751	Cmi01	Cpl01	Ler01		Gga04	Xtr01
9	CL00781	Cmi01		Ler01	Loc04	Gga04	Xtr01
7	CL00085	Cmi01	Cpl02	LerSca	Loc04	Gga04	Xtr01
7	CL00120	Cmi01	CplSca	Ler01	Loc04	Gga04	Xtr01
7	CL00362	Cmi01	Cpl01	LerSca60	Loc02	Gga04	Xtr01
5	CL00863	Cmi01	Cpl01	Ler01	Loc04	Gga04	
4	CL00111	CmiSca	Cpl01	Ler01	Loc04	Gga04	Xtr01
4	CL00129	Cmi01	Cpl02	Ler41	Loc04	Gga04	Xtr01
4	CL00903	Cmi01	Cpl02	Ler03		Gga04	Xtr01
3	CL00152	CmiSca	Cpl32	Ler01	Loc04	Gga04	Xtr01
3	CL00959		Cpl01	Ler01	Loc04	Gga04	Xtr01
3	CL00970	Cmi01	Cpl32	Ler01		Gga04	Xtr01
3	CL00981	Cmi01			Loc02	Gga04	Xtr01
3	CL01011		Cpl01		Loc04	Gga04	Xtr01
3	CL01016		Cpl32	Ler01	Loc04	Gga04	Xtr01
3	CL01017	Cmi01	Cpl01		Loc02	Gga04	Xtr01
2	CL00156	Cmi01	Cpl01	Ler48	Loc04	Gga04	Xtr01
2	CL00169	Cmi01	Cpl32	Ler01	Loc04	Gga04	Xtr05
2	CL00303	Cmi01	Cpl01	Ler01	Loc04	Gga04	Xtr03
2	CL00304	Cmi01	Cpl01	LerSca1325, LerSca234	LocSca42	Gga04	Xtr01
2	CL00352	Cmi01	Cpl03	LerSca199	Loc04	Gga04	Xtr01
2	CL00353	Cmi01	Cpl19	Ler01	Loc04	Gga04	Xtr01
2	CL00354	Cmi01	Cpl01	Ler01	Loc26	Gga04	Xtr01
2	CL00360	Cmi01	Cpl01	LerSca103	Loc04	Gga04	Xtr08
2	CL01053	Cmi01	Cpl32	Ler01		Gga04	
2	CL01088	Cmi01	Cpl01	Ler01		Gga04	
1	CL00267	Cmi01	Cpl02	Ler41	Loc03	Gga04	Xtr01
1	CL00351	Cmi01	Cpl32	Ler01	Loc04	Gga04	Xtr10
1	CL00356	Cmi01	Cpl01	Ler01	LocSca686	Gga04	Xtr01
1	CL00358	Cmi01	Cpl01	Ler01	Loc04	Gga04	Xtr08
1	CL00363	Cmi01	Cpl32	Ler01	Loc02	Gga04	Xtr09
1	CL01317	Cmi01		Ler01		Gga04	Xtr01
1	CL01343		Cpl02		Loc04	Gga04	Xtr01
1	CL01344		Cpl01		Loc02	Gga04	Xtr01
1	CL01378	Cmi01	Cpl32	Ler01	Loc04	Gga04	
1	CL01379	Cmi01	Cpl01	LerSca81		Gga04	Xtr01
1	CL01380	Cmi01	Cpl01, CplSca6158	LerSca121		Gga04	
1	CL01418	Cmi01	Cpl32			Gga04	Xtr01
1	CL01419		Cpl01	Ler01		Gga04	Xtr01
1	CL01519		Cpl32	Ler01	Loc04	Gga04	
1	CL01545			Ler01	Loc04	Gga04	
1	CL01557	Cmi01		Ler03	Loc20	Gga04	Xtr01
1	CL01690	Cmi01	Cpl01		Loc17	Gga04	Xtr01
1	CL01691	Cmi01	Cpl32	Ler01	Loc02	Gga04	
1	CL01693	Cmi01	CplSca38830	Ler41		Gga04	Xtr01
1	CL01810		Cpl01	Ler01	Loc06	Gga04	Xtr01
1	CL01837		Cpl32	Ler01	LocSca346	Gga04	Xtr01
1	CL01869	Cmi01	Cpl01			Gga04	Xtr01
1	CL01871	Cmi01			Loc04	Gga04	Xtr01
1	CL01995		Cpl01	Ler01	Loc04	Gga04	
1	CL02106			Ler01	Loc04	Gga04	Xtr01
##group=2
225	CL00009	Cmi01	Cpl02	Ler03	Loc02	GgaZ	Xtr01
111	CL00037	Cmi01	Cpl01	Ler01	Loc02	GgaZ	Xtr01
56	CL00048	Cmi01	Cpl02	Ler03	Loc04	GgaZ	Xtr01
26	CL00058	CmiSca	Cpl02	Ler03	Loc02	GgaZ	Xtr01
10	CL00069	Cmi01	Cpl32	Ler01	Loc04	GgaZ	Xtr01
10	CL00074	CmiSca	Cpl02	Ler03	Loc04	GgaZ	Xtr01
10	CL00078	Cmi01	Cpl32	Ler01	Loc02	GgaZ	Xtr01
9	CL00769		Cpl02	Ler03	Loc02	GgaZ	Xtr01
7	CL00821	Cmi01	Cpl02	Ler03		GgaZ	Xtr01
6	CL00133	Cmi01	CplSca	Ler03	Loc02	GgaZ	Xtr01
5	CL00866	Cmi01	Cpl02	Ler03	Loc02	GgaZ	
4	CL00121	Cmi01	Cpl01	Ler01	Loc04	GgaZ	Xtr01
4	CL00625	CmiSca1146	Cpl02	LerSca99	Loc02	GgaZ	Xtr01
4	CL00897	Cmi01			Loc02	GgaZ	Xtr01
3	CL00666	Cmi01	Cpl01			GgaZ	Xtr01
3	CL01018	Cmi01		Ler03	Loc02	GgaZ	Xtr01
2	CL00182	CmiSca	Cpl01	Ler01	Loc02	GgaZ	Xtr01
2	CL00633	Cmi01		Ler03		GgaZ	Xtr01
2	CL01063	Cmi01			Loc02	GgaZ	
2	CL01091	Cmi01			Loc04	GgaZ	Xtr01
2	CL01092			Ler03	Loc02	GgaZ	Xtr01
2	CL01101		Cpl02		Loc02	GgaZ	Xtr01
2	CL01158		Cpl01	Ler01	Loc02	GgaZ	Xtr01
2	CL01160		Cpl16	Ler03	Loc02	GgaZ	Xtr01
2	CL01163	Cmi01	Cpl02			GgaZ	Xtr01
1	CL00240	Cmi01	Cpl02	Ler03	Loc02	GgaZ	Xtr08
1	CL00367	Cmi01	Cpl02	Ler03	Loc02	GgaZ	Xtr09
1	CL00368	Cmi01	Cpl02	Ler03	Loc02	GgaZ	Xtr07
1	CL00369	Cmi01	Cpl01	Ler01	Loc11	GgaZ	XtrSca151
1	CL00370	Cmi01	Cpl01	Ler01	Loc11	GgaZ	Xtr01
1	CL00371	Cmi01	CplSca1944	Ler01	Loc02	GgaZ	Xtr01
1	CL01340	CmiSca32	Cpl02		Loc02	GgaZ	Xtr01
1	CL01359	Cmi01		Ler03	Loc02	GgaZ	
1	CL01393		Cpl02	Ler03	Loc04	GgaZ	Xtr01
1	CL01426	Cmi01	Cpl02	LerSca64	Loc02	GgaZ	
1	CL01487	Cmi01	Cpl01			GgaZ	
1	CL01535		Cpl01		Loc02	GgaZ	Xtr01
1	CL01559		Cpl01	Ler01		GgaZ	
1	CL01595		Cpl02			GgaZ	Xtr01
1	CL01689	Cmi01		LerSca1392	Loc26	GgaZ	Xtr07
1	CL01699	Cmi01	Cpl01	Ler01		GgaZ	Xtr01
1	CL01700	Cmi01		Ler01	Loc02	GgaZ	Xtr01
1	CL01812		Cpl02, CplSca51204	Ler03	Loc02	GgaZ	
1	CL01874	Cmi01			Loc19	GgaZ	Xtr01
1	CL02048		Cpl32	Ler01		GgaZ	Xtr01
1	CL02109	Cmi01				GgaZ	Xtr01
1	CL02177		Cpl01			GgaZ	Xtr01
##group=3
187	CL00017	Cmi02	Cpl04	Ler04	Loc09	Gga02	Xtr06
177	CL00022	Cmi02	Cpl05	Ler02	Loc11	Gga02	Xtr06
160	CL00024	Cmi02	Cpl04	Ler04	Loc11	Gga02	Xtr06
126	CL00032	Cmi02	Cpl05	Ler02	Loc09	Gga02	Xtr06
89	CL00044	Cmi02	Cpl29	Ler02	Loc11	Gga02	Xtr06
53	CL00049	Cmi02	Cpl29	Ler02	Loc09	Gga02	Xtr06
17	CL00699	Cmi02	Cpl04		Loc11	Gga02	Xtr06
16	CL00706	Cmi02	Cpl04		Loc09	Gga02	Xtr06
12	CL00734	Cmi02	Cpl05		Loc11	Gga02	Xtr06
11	CL00083	CmiSca	Cpl05	Ler02	Loc11	Gga02	Xtr06
11	CL00752	Cmi02	Cpl05	Ler02	Loc09		Xtr06
9	CL00770	Cmi02		Ler04	Loc09	Gga02	Xtr06
8	CL00079	Cmi02	Cpl05	Ler02	LocSca	Gga02	Xtr06
8	CL00104	Cmi02	Cpl04	LerSca	Loc09	Gga02	Xtr06
8	CL00785	Cmi02	Cpl04	Ler04	Loc09		
8	CL00793		Cpl04	Ler04	Loc09	Gga02	Xtr06
8	CL00794	Cmi02	Cpl29		Loc09	Gga02	Xtr06
8	CL00799	Cmi02	Cpl04	Ler04		Gga02	Xtr06
8	CL00802	Cmi02	Cpl04	Ler04	Loc09	Gga02	
7	CL00096	Cmi02	Cpl04	Ler43	Loc09	Gga02	Xtr06
7	CL00806	Cmi02			Loc09	Gga02	Xtr06
7	CL00811	Cmi02	Cpl05	Ler02	Loc11	Gga02	
7	CL00812	Cmi02	Cpl05	Ler02		Gga02	Xtr06
6	CL00088	Cmi02	CplSca	Ler02	Loc09	Gga02	Xtr06
6	CL00832	Cmi02		Ler02	Loc11	Gga02	Xtr06
6	CL00846	Cmi02	Cpl05	Ler02	Loc11		
6	CL00849	Cmi02	Cpl05		Loc09	Gga02	Xtr06
5	CL00657	Cmi02	Cpl04	Ler04	Loc11		
5	CL00867	Cmi02	Cpl04	Ler04	Loc11	Gga02	
4	CL00118	Cmi02	Cpl04	Ler04	LocSca	Gga02	Xtr06
4	CL00122	Cmi02	Cpl04	LerSca	Loc11	Gga02	Xtr06
4	CL00887	Cmi02	Cpl29	Ler02		Gga02	Xtr06
4	CL00899	Cmi02	Cpl29	Ler02	Loc09		
4	CL00904	Cmi02			Loc11	Gga02	Xtr06
4	CL00909	Cmi02	Cpl29	Ler02	Loc11		
4	CL00911	Cmi02	Cpl29	Ler02	Loc09		Xtr06
4	CL00922	Cmi02	Cpl05	Ler02	Loc09		
3	CL00135	Cmi02	Cpl04	Ler43	Loc11	Gga02	Xtr06
3	CL00181	CmiSca	Cpl04	Ler04	Loc11	Gga02	Xtr06
3	CL00183	Cmi02	Cpl33	Ler02	Loc09	Gga02	Xtr06
3	CL00346	CmiSca247	CplSca12523	Ler04	Loc09	Gga02	Xtr06
3	CL00951	Cmi02	Cpl05		Loc11		Xtr06
3	CL00966	Cmi02	Cpl29		Loc09		Xtr06
3	CL00972	Cmi02			Loc09		Xtr06
3	CL00998			Ler04	Loc09	Gga02	Xtr06
3	CL01030		Cpl04	Ler04		Gga02	
2	CL00161	CmiSca	Cpl05	Ler02	Loc09	Gga02	Xtr06
2	CL00170	Cmi02	Cpl05	Ler02	Loc11	Gga02	Xtr08
2	CL00184	Cmi02	Cpl05	Ler02	Loc11	Gga02	Xtr02
2	CL00384	Cmi02	Cpl05	Ler02	Loc11	Gga02	Xtr10
2	CL00385	Cmi02	Cpl05	Ler02	Loc11	Gga02	Xtr01
2	CL01035		Cpl05	Ler02	Loc09	Gga02	Xtr06
2	CL01067		Cpl04	Ler04	Loc09		
2	CL01069		Cpl05	Ler02	Loc11		Xtr06
2	CL01070	Cmi02		Ler02		Gga02	Xtr06
2	CL01076	Cmi02		Ler04	Loc11	Gga02	Xtr06
2	CL01096	Cmi02	Cpl04		Loc11		Xtr06
2	CL01108		Cpl04		Loc09	Gga02	Xtr06
2	CL01116	Cmi02	Cpl05		Loc11		
2	CL01117	Cmi02			Loc11		Xtr06
2	CL01131	Cmi02		Ler04		Gga02	
2	CL01142		Cpl04	Ler04	Loc11		Xtr06
2	CL01149	Cmi02		Ler02	Loc09	Gga02	Xtr06
2	CL01159		Cpl04	Ler04	Loc11	Gga02	Xtr06
2	CL01164	Cmi02		Ler02	Loc11		Xtr06
2	CL01165	Cmi02				Gga02	Xtr06
2	CL01184		Cpl04	Ler04		Gga02	Xtr06
2	CL01199	Cmi02	Cpl05		Loc09		
1	CL00230	Cmi02	Cpl05	LerSca567	LocSca1	Gga02	Xtr06
1	CL00241	Cmi02	CplSca22088, CplSca3853	Ler04	Loc11	Gga02	Xtr06
1	CL00242	Cmi02	Cpl20	Ler21	Loc11	Gga02	Xtr06
1	CL00253	Cmi02	Cpl05	LerSca739	Loc09, LocSca147	Gga02	Xtr06
1	CL00274	Cmi02	CplSca9579	Ler02	Loc11	Gga02	Xtr06
1	CL00275	Cmi02	Cpl03	Ler02	Loc11	Gga02	Xtr06
1	CL00284	Cmi02	CplSca9858	Ler43	Loc11	Gga02	Xtr06
1	CL00293	Cmi02	Cpl05, CplSca14683, CplSca23232	Ler02	Loc09	GgaSca90	Xtr06
1	CL00309	Cmi02	Cpl48	Ler02	Loc09	Gga02	Xtr06
1	CL00347	CmiSca968	Cpl04	Ler43	Loc09	Gga02	Xtr06
1	CL00374	Cmi02	Cpl04	Ler49	Loc09	Gga02	Xtr06
1	CL00375	Cmi02	Cpl04	LerSca195	LocSca472	Gga02	Xtr06
1	CL00376	Cmi02	Cpl03	Ler02	Loc09	Gga02	Xtr06
1	CL00377	Cmi02	Cpl04	Ler04	Loc09	Gga02	Xtr03
1	CL00378	Cmi02	Cpl05	Ler02	Loc08	Gga02	Xtr06
1	CL00379	Cmi02	Cpl29	Ler02	Loc09	Gga03	Xtr06
1	CL00380	Cmi02	Cpl29	Ler17	Loc09	Gga02	Xtr06
1	CL00381	Cmi02	Cpl29	Ler02	Loc11	Gga02	Xtr01
1	CL00382	Cmi02	Cpl29	LerSca254	Loc09	Gga02	Xtr06
1	CL00383	Cmi02	Cpl05	LerSca612	Loc11	Gga02	Xtr06
1	CL00386	Cmi02	Cpl05	Ler02	Loc09	Gga01	Xtr02
1	CL00387	Cmi02	Cpl04	Ler04	Loc11	Gga02	Xtr10
1	CL00388	Cmi02	Cpl04	Ler04	Loc11	Gga02	Xtr08
1	CL00389	Cmi02	Cpl04	Ler04	Loc11	Gga02	Xtr09
1	CL00390	Cmi02	Cpl04	Ler04	Loc12	Gga02	Xtr06
1	CL00391	Cmi02	Cpl04	Ler04	Loc18	Gga02	Xtr06
1	CL00393	Cmi02	Cpl04	Ler04	Loc11	Gga14	Xtr02
1	CL00394	Cmi02	Cpl19	Ler04	Loc09	Gga02	Xtr06
1	CL00395	Cmi02	CplSca14099	Ler04	Loc09	Gga02	Xtr06
1	CL00396	Cmi02	Cpl04	Ler04	Loc09	Gga02	Xtr02
1	CL00398	Cmi02	Cpl04	Ler04	Loc09	Gga19	Xtr02
1	CL00611	CmiSca62	Cpl04	Ler49	Loc09	Gga02	Xtr06
1	CL00620	CmiSca569	Cpl04	Ler04	Loc09	Gga02	Xtr06
1	CL00630	CmiSca1519	Cpl04	LerSca96	Loc11	Gga02	Xtr06
1	CL01235	Cmi02	Cpl37	LerSca98	Loc09	Gga02	
1	CL01262	Cmi02	Cpl29			Gga02	Xtr06
1	CL01294	Cmi02	Cpl04		LocSca299	Gga02	Xtr06
1	CL01295	Cmi02	Cpl05	Ler02, LerSca461, LerSca1313, LerSca389	Loc11		Xtr05
1	CL01309		Cpl04	Ler49	Loc11		Xtr06
1	CL01319		Cpl05	Ler02		Gga02	Xtr06
1	CL01374			Ler04	Loc09		Xtr06
1	CL01384		Cpl29	Ler02			Xtr06
1	CL01428		Cpl29	Ler02	Loc09		Xtr06
1	CL01429	Cmi02	Cpl05			Gga02	Xtr06
1	CL01430	Cmi02	Cpl04		Loc09		Xtr06
1	CL01431	Cmi02	Cpl04	Ler04		Gga02	
1	CL01446		Cpl05	Ler02	Loc09	Gga02	
1	CL01493		CplSca15029	Ler02		Gga02	
1	CL01534		Cpl05	Ler02	Loc09		
1	CL01562	Cmi02	Cpl04			Gga02	
1	CL01563			Ler04		Gga02	Xtr06
1	CL01564	Cmi02			Loc09	Gga02	
1	CL01583			Ler04	Loc11		Xtr06
1	CL01611		Cpl04		Loc11	Gga02	
1	CL01612		Cpl05	Ler02			Xtr06
1	CL01677		Cpl04	Ler43		Gga02	
1	CL01701	Cmi02	Cpl29	Ler02	Loc12		Xtr06
1	CL01702	Cmi02	Cpl29	Ler02	Loc11	Gga02	
1	CL01703	Cmi02	Cpl29	LerSca1173	Loc11		
1	CL01704	Cmi02		Ler04	Loc09		Xtr06
1	CL01705	Cmi02	Cpl04	Ler04	Loc16		Xtr06
1	CL01706	Cmi02	Cpl04	Ler04	Loc11		Xtr07
1	CL01707	Cmi02	Cpl04		Loc09	Gga03	Xtr05
1	CL01708	Cmi02	CplSca13056		Loc09	Gga02	Xtr06
1	CL01783	Cmi27	Cpl04		Loc11	Gga02	Xtr06
1	CL01816		Cpl04	LerSca258	Loc11	Gga02	Xtr06
1	CL01817		Cpl05	Ler02	Loc11	Gga02	Xtr06
1	CL01818		Cpl05	Ler02	Loc11	Gga01	Xtr06
1	CL01863			Ler04	Loc11	Gga02	Xtr06
1	CL01875	Cmi02	Cpl05	Ler02			Xtr06
1	CL01878	Cmi02	Cpl29		Loc11	Gga02	
1	CL01880	Cmi02		Ler02	Loc11	Gga02	
1	CL01881	Cmi02	Cpl05		Loc11	Gga02	
1	CL01882	Cmi02		Ler04	Loc11		Xtr06
1	CL01883	Cmi02		Ler04	Loc09	Gga02	
1	CL01998		Cpl04	Ler04	Loc11	Gga02	
1	CL01999		Cpl04	Ler43	Loc12	Gga02	
1	CL02000		Cpl04	Ler04	Loc16		Xtr06
1	CL02002		Cpl05		Loc11	Gga02	Xtr06
1	CL02003		Cpl05		Loc09	Gga02	Xtr06
1	CL02004		Cpl05	Ler02	Loc11		Xtr07
1	CL02045		Cpl29		Loc09	Gga02	Xtr06
1	CL02097			Ler02	Loc09	Gga02	Xtr06
1	CL02110	Cmi02	Cpl04		Loc11		
1	CL02111	Cmi02		Ler04			Xtr06
1	CL02180		Cpl04	Ler04	Loc11		
1	CL02181		Cpl04	Ler43			Xtr06
1	CL02182		Cpl04			Gga02	Xtr06
1	CL02183		Cpl04	Ler04			Xtr06
##group=4
288	CL00002	Cmi03	Cpl03	Ler05	Loc01	Gga03	Xtr05
148	CL00027	Cmi03	Cpl09	Ler08	Loc16	Gga03	Xtr05
115	CL00036	Cmi03	Cpl09	Ler08	Loc01	Gga03	Xtr05
83	CL00043	Cmi03	Cpl03	Ler05	Loc16	Gga03	Xtr05
23	CL00060	Cmi03	Cpl09	Ler08	LocSca	Gga03	Xtr05
21	CL00688	Cmi03	Cpl03		Loc01	Gga03	Xtr05
16	CL00707	Cmi03	Cpl09	Ler08	Loc16		Xtr05
16	CL00708		Cpl09	Ler08	Loc01	Gga03	Xtr05
12	CL00738	Cmi03	Cpl03	Ler05		Gga03	Xtr05
11	CL00750	Cmi03		Ler05	Loc01	Gga03	Xtr05
10	CL00077	Cmi03	Cpl09	LerSca	Loc16	Gga03	Xtr05
10	CL00080	Cmi03	Cpl03	LerSca	Loc01	Gga03	Xtr05
10	CL00753	Cmi03	Cpl03	Ler05	Loc01		
9	CL00772	Cmi03	Cpl09	Ler08	Loc16	Gga03	
8	CL00803	Cmi03	Cpl09	Ler08		Gga03	Xtr05
7	CL00092	Cmi03	Cpl03	Ler05	LocSca	Gga03	Xtr05
7	CL00095	Cmi03	Cpl03	LerSca	Loc16	Gga03	Xtr05
7	CL00816	Cmi03	Cpl03	Ler05	Loc01	Gga03	
6	CL00107	Cmi03	CplSca	Ler05	Loc01	Gga03	Xtr05
6	CL00837	Cmi03			Loc01	Gga03	Xtr05
5	CL00116	Cmi03	Cpl15	Ler08	Loc16	Gga03	Xtr05
5	CL00868	Cmi03	Cpl09		Loc16	Gga03	Xtr05
5	CL00882	Cmi03		Ler08	Loc01	Gga03	Xtr05
4	CL00119	Cmi03	CplSca	Ler05	Loc16	Gga03	Xtr05
4	CL00896	Cmi03		Ler05	Loc16	Gga03	Xtr05
4	CL00900		Cpl03	Ler05	Loc16	Gga03	Xtr05
4	CL00902	Cmi03	Cpl09	Ler08	Loc01		Xtr05
4	CL00908	Cmi03			Loc16	Gga03	
4	CL00912	Cmi03	Cpl03		Loc16	Gga03	Xtr05
4	CL00924		Cpl03	Ler05	Loc01	Gga03	Xtr05
4	CL00933	Cmi03	Cpl03	Ler05	Loc16	Gga03	
4	CL00936		Cpl09	Ler08	Loc16		Xtr05
3	CL00131	CmiSca	Cpl03	Ler05	Loc01	Gga03	Xtr05
3	CL00142	CmiSca	Cpl09	Ler08	Loc01	Gga03	Xtr05
3	CL00661	Cmi03	Cpl09			Gga03	
3	CL00941	Cmi03	Cpl03		Loc01		
3	CL00961	Cmi03	Cpl03	Ler05			Xtr05
3	CL00963	Cmi03	Cpl09	Ler08	Loc01	Gga03	
3	CL00986	Cmi03	Cpl03			Gga03	Xtr05
3	CL00988	Cmi03	Cpl09				Xtr05
3	CL01006		Cpl03	Ler05			Xtr05
3	CL01026	Cmi03			Loc01		Xtr05
3	CL01029		Cpl03	Ler05		Gga03	
2	CL00171	Cmi03	Cpl15	Ler08	Loc16	Gga03	Xtr03
2	CL00185	Cmi03	CplSca	Ler08	Loc01	Gga03	Xtr05
2	CL00186	Cmi03	Cpl03	Ler05	Loc16	Gga03	Xtr10
2	CL00202	CmiSca	Cpl09	Ler08	LocSca	Gga03	Xtr05
2	CL00311	Cmi03	Cpl09	Ler08	Loc16	Gga24	Xtr09
2	CL00400	Cmi03	CplSca12261	Ler08	Loc16	Gga03	Xtr05
2	CL00402	Cmi03	Cpl03	Ler05	Loc01	Gga03	Xtr08
2	CL00409	Cmi03	Cpl09	Ler08	Loc08	Gga03	Xtr05
2	CL00411	Cmi03	Cpl09	Ler08	Loc16	Gga03	Xtr04
2	CL00412	Cmi03	Cpl09	Ler08	Loc16	Gga03	Xtr08
2	CL01060	Cmi03	Cpl03		Loc01		Xtr05
2	CL01072	Cmi03			Loc16	Gga03	Xtr05
2	CL01075		Cpl09	Ler08	LocSca	Gga03	Xtr05
2	CL01095	Cmi03	Cpl09	Ler08		Gga03	
2	CL01150	Cmi03		Ler08	Loc01		Xtr05
2	CL01166	Cmi03	Cpl09		Loc16		Xtr05
2	CL01167	Cmi03			Loc01	Gga03	
2	CL01200	Cmi03			Loc16		Xtr05
2	CL01201	Cmi03		Ler08			Xtr05
2	CL01202	Cmi03				Gga03	Xtr05
1	CL00208	CmiSca924	Cpl03, CplSca10011, CplSca12723, CplSca15105	LerSca398, LerSca209, LerSca301, LerSca938, LerSca82, LerSca1241	Loc01	Gga09	Xtr02
1	CL00220	Cmi03	Cpl03, CplSca256	Ler09, LerSca76	Loc16	Gga03	Xtr05
1	CL00233	Cmi03	Cpl10	Ler09	Loc01	Gga03	Xtr05
1	CL00254	Cmi03	Cpl03	Ler05	Loc11	Gga03	Xtr05
1	CL00294	Cmi03	Cpl12	Ler13	Loc01	Gga28	Xtr01
1	CL00310	Cmi03	Cpl09	Ler08	Loc16	Gga07	Xtr05
1	CL00313	Cmi03	Cpl41	Ler08	Loc16	Gga03	Xtr05
1	CL00325	Cmi10	Cpl09	Ler08, LerSca596	Loc01	Gga03	Xtr05
1	CL00350	CmiSca1219	Cpl03	Ler05	Loc16, LocSca1655	Gga03	Xtr05
1	CL00365	Cmi01	Cpl03	LerSca167	Loc16	Gga03	Xtr05
1	CL00399	Cmi03	Cpl09	Ler08	Loc01	Gga01	Xtr03
1	CL00401	Cmi03	Cpl03	Ler05	Loc01	Gga25	Xtr08
1	CL00403	Cmi03	Cpl03	Ler05	Loc01	Gga02	Xtr06
1	CL00405	Cmi03	Cpl03	Ler05	Loc01	Gga03	Xtr01
1	CL00406	Cmi03	Cpl03	Ler05	Loc01	Gga03	Xtr07
1	CL00407	Cmi03	Cpl09	Ler08	Loc16	Gga03	Xtr01
1	CL00408	Cmi03	Cpl09	Ler08	Loc16	Gga02	Xtr05
1	CL00410	Cmi03	Cpl09	Ler08	Loc01	Gga05	Xtr05
1	CL00413	Cmi03	Cpl09	Ler08	Loc01	Gga20	Xtr05
1	CL00415	Cmi03	Cpl09	Ler08	Loc01	Gga03	Xtr03
1	CL00416	Cmi03	Cpl09	Ler08	Loc01	Gga07	Xtr05
1	CL00417	Cmi03	CplSca63827	Ler05	LocSca51	Gga03	Xtr05
1	CL00418	Cmi03	Cpl09	Ler08	Loc01	Gga03	Xtr08
1	CL00419	Cmi03	Cpl09	Ler08	Loc01	Gga03	Xtr01
1	CL00615	CmiSca124	Cpl09	Ler08	Loc01	Gga04	XtrSca19
1	CL01253	CmiSca33	Cpl09		Loc01		
1	CL01267		Cpl03	Ler05	Loc16	Gga03	
1	CL01275	Cmi03	Cpl03		Loc01	Gga03	
1	CL01277	Cmi03	Cpl09	Ler08	Loc16	Gga09	
1	CL01308	Cmi03	Cpl03		Loc16	Gga03	
1	CL01348	Cmi03	CplSca351		Loc01	Gga03	
1	CL01349		Cpl03	Ler05		Gga03	Xtr05
1	CL01360		Cpl45	Ler05, LerSca940	Loc16	Gga03	Xtr05
1	CL01367		Cpl03	LerSca62, LerSca520		Gga03	Xtr05
1	CL01388	Cmi03		Ler08	Loc16	Gga03	
1	CL01389	Cmi03		LerSca923	Loc16	Gga03	Xtr05
1	CL01460		Cpl03	Ler05	Loc01	Gga03	
1	CL01461		Cpl09	Ler08	Loc01		Xtr05
1	CL01495		Cpl03	Ler05	Loc01		Xtr05
1	CL01496	Cmi03		Ler05	Loc01		Xtr05
1	CL01497			Ler08	Loc16	Gga03	
1	CL01498	Cmi03	Cpl09			Gga03	Xtr05
1	CL01499			Ler08	Loc16	Gga03	Xtr05
1	CL01500			Ler08		Gga03	Xtr05
1	CL01550		Cpl09		Loc16	Gga03	Xtr05
1	CL01565			Ler05		Gga03	Xtr05
1	CL01613		Cpl09	Ler08	Loc01		
1	CL01633		Cpl03		Loc01		Xtr05
1	CL01650	Cmi03	Cpl15		Loc01	Gga03	Xtr05
1	CL01710	Cmi03	Cpl21		Loc16	Gga03	Xtr05
1	CL01711	Cmi03		Ler05	Loc16	Gga03	
1	CL01712	Cmi03	Cpl03	LerSca55	Loc01		Xtr09
1	CL01713	Cmi03	Cpl03		Loc01	Gga11	Xtr04
1	CL01714	Cmi03	Cpl03	LerSca87		Gga03	Xtr05
1	CL01715	Cmi03	Cpl09	Ler08	Loc16		Xtr03
1	CL01716	Cmi03	Cpl15	Ler08	Loc16	Gga03	
1	CL01717	Cmi03	Cpl09	Ler08	Loc01		Xtr03
1	CL01718	Cmi03	Cpl09		Loc16	Gga01	Xtr05
1	CL01720	Cmi03		Ler08	Loc16	Gga03	Xtr05
1	CL01813		Cpl03		Loc01	Gga03	Xtr05
1	CL01814		Cpl03	LerSca1204	Loc01	Gga09	Xtr08
1	CL01822		Cpl09	LerSca596	LocSca4	Gga03	Xtr05
1	CL01823		Cpl09	LerSca596	Loc01	Gga03	Xtr05
1	CL01884	Cmi03	Cpl09	Ler08	Loc01		
1	CL01886	Cmi03		Ler08	Loc01	Gga03	
1	CL01887	Cmi03	Cpl09		Loc16	Gga03	
1	CL01888	Cmi03	Cpl03	Ler05	Loc16		
1	CL01889	Cmi03		Ler08	Loc16		Xtr05
1	CL01890	Cmi03	Cpl09	Ler08	Loc16		
1	CL01996		Cpl03	LerSca1204	Loc01		Xtr08
1	CL02009		Cpl09	Ler08		Gga03	Xtr05
1	CL02010		Cpl09		Loc01	Gga03	Xtr05
1	CL02012		Cpl09	Ler08	Loc01	Gga03	
1	CL02095			Ler05	Loc01	Gga17	Xtr08
1	CL02103			Ler05	Loc01	Gga03	Xtr05
1	CL02112	Cmi03		Ler05		Gga03	
1	CL02113	Cmi03		Ler05	Loc01		
1	CL02114	Cmi03		Ler05			Xtr05
1	CL02116	Cmi03		Ler08	Loc01		
1	CL02191		Cpl09		Loc16		Xtr05
1	CL02192		Cpl09	Ler08	Loc16		
1	CL02267			Ler08	Loc16		Xtr05
##group=5
153	CL00026	Cmi04	Cpl06	Ler06	Loc17	Gga01	Xtr02
148	CL00030	Cmi04	Cpl06	Ler06	Loc03	Gga01	Xtr02
144	CL00031	Cmi04	Cpl12	Ler13	Loc17	Gga01	Xtr02
98	CL00038	Cmi04	Cpl12	Ler13	Loc03	Gga01	Xtr02
41	CL00054	Cmi04	Cpl12	Ler13	Loc14	Gga01	Xtr02
14	CL00073	Cmi04	Cpl06	Ler06	LocSca	Gga01	Xtr02
13	CL00065	Cmi04	Cpl06	Ler06	Loc14	Gga01	Xtr02
13	CL00726	Cmi04	Cpl12		Loc17	Gga01	Xtr02
10	CL00071	Cmi04	Cpl06	LerSca	Loc03	Gga01	Xtr02
10	CL00756		Cpl12	Ler13	Loc17	Gga01	Xtr02
10	CL00766	Cmi04	Cpl12	Ler13		Gga01	Xtr02
9	CL00777	Cmi04	Cpl06		Loc17	Gga01	Xtr02
9	CL00782		Cpl06	Ler06	Loc03	Gga01	Xtr02
8	CL00103	CmiSca	Cpl12	Ler13	Loc17	Gga01	Xtr02
8	CL00792	Cmi04			Loc17	Gga01	Xtr02
7	CL00807		Cpl06		Loc03	Gga01	Xtr02
7	CL00815	Cmi04	Cpl06		Loc03	Gga01	Xtr02
7	CL00822	Cmi04	Cpl06	Ler06	Loc17		Xtr02
6	CL00101	Cmi04	Cpl07	Ler13	Loc17	Gga01	Xtr02
6	CL00833	Cmi04	Cpl12	Ler13	Loc03		Xtr02
5	CL00147	Cmi04	Cpl06	Ler45	Loc03	Gga01	Xtr02
5	CL00855	Cmi04		Ler13	Loc17	Gga01	Xtr02
5	CL00872	Cmi04	Cpl12	Ler13	Loc17		
5	CL00873	Cmi04	Cpl06	Ler06	Loc03	Gga01	
5	CL00875	Cmi04	Cpl06	Ler06		Gga01	Xtr02
4	CL00110	CmiSca	Cpl06	LerSca	Loc03	Gga01	Xtr02
4	CL00123	Cmi04	CplSca	Ler06	Loc03	Gga01	Xtr02
4	CL00140	Cmi04	Cpl06	LerSca	Loc14	Gga01	Xtr02
4	CL00145	CmiSca	Cpl06	Ler06	Loc03	Gga01	Xtr02
4	CL00889	Cmi04				Gga01	Xtr02
4	CL00905	Cmi04	Cpl06	Ler06	Loc17	Gga01	
4	CL00907		Cpl12	Ler13	Loc03	Gga01	Xtr02
3	CL00128	Cmi04	Cpl10	Ler06	Loc03	Gga01	Xtr02
3	CL00143	Cmi04	Cpl06	Ler45	Loc14	Gga01	Xtr02
3	CL00146	Cmi04	CplSca	Ler13	Loc03	Gga01	Xtr02
3	CL00187	Cmi04	Cpl06	Ler47	Loc17	Gga01	Xtr02
3	CL00671	Cmi04			Loc03	Gga01	Xtr02
3	CL00955	Cmi04	Cpl12	Ler13	Loc03	Gga01	
3	CL00962	Cmi04		Ler06	Loc03	Gga01	Xtr02
3	CL00973	Cmi04	Cpl12	Ler13	Loc14	Gga01	
3	CL00976		Cpl06	LerSca	Loc03	Gga01	Xtr02
3	CL01000	Cmi04	Cpl06	Ler06	Loc03		
3	CL01007		Cpl12	Ler13		Gga01	
3	CL01013	Cmi04		Ler13	Loc03	Gga01	Xtr02
3	CL01024	Cmi04	Cpl06	Ler06		Gga01	
2	CL00172	Cmi04	Cpl12	Ler13	LocSca	Gga01	Xtr02
2	CL00420	Cmi04	Cpl06	LerSca78	Loc03	Gga01	Xtr06
2	CL00425	Cmi04	Cpl12	Ler13	Loc17	Gga25	Xtr08
2	CL00433	Cmi04	Cpl06	Ler06	Loc03	Gga01	Xtr08
2	CL01037		Cpl12	Ler13	Loc17	Gga01	
2	CL01071	Cmi04	Cpl12	Ler13	Loc14		
2	CL01077	Cmi04	Cpl12	Ler13	Loc03		
2	CL01078	Cmi04	Cpl12	LerSca		Gga01	Xtr02
2	CL01079	Cmi04	Cpl12	Ler13	Loc17	Gga01	
2	CL01080	Cmi04	Cpl12			Gga01	Xtr02
2	CL01138		Cpl12		Loc17	Gga01	Xtr02
2	CL01139	Cmi04	Cpl12		Loc17	Gga01	
2	CL01146	Cmi04	Cpl06				Xtr02
2	CL01168	Cmi04	Cpl12	Ler13			Xtr02
2	CL01169	Cmi04			Loc17	Gga01	
2	CL01185		Cpl06		Loc17	Gga01	Xtr02
2	CL01186		Cpl06	LerSca	Loc03		Xtr02
2	CL01203	Cmi04			Loc17		Xtr02
2	CL01213		Cpl12		Loc17		Xtr02
2	CL01214		Cpl12	Ler13	Loc03		
2	CL01218			Ler06	Loc17		Xtr02
1	CL00234	Cmi04	Cpl12	Ler13	Loc11	Gga01	Xtr03
1	CL00235	Cmi09	Cpl12	Ler13	Loc03	Gga01	Xtr02
1	CL00276	Cmi04	Cpl12	Ler13	Loc17	Gga01	Xtr07
1	CL00392	Cmi02	Cpl06	Ler06	Loc05	Gga08	Xtr02
1	CL00421	Cmi04	Cpl12	Ler13	Loc03	Gga34	Xtr02
1	CL00422	Cmi04	Cpl12	Ler13	Loc14	Gga01	Xtr03
1	CL00423	Cmi04	Cpl12	Ler13	Loc03	Gga10	Xtr03
1	CL00424	Cmi04	Cpl12	Ler13	Loc17	Gga12	Xtr04
1	CL00426	Cmi04	Cpl12	Ler20	Loc17	Gga01	Xtr02
1	CL00427	Cmi04	Cpl06	Ler06	Loc17	Gga01	Xtr07
1	CL00428	Cmi04	Cpl12	Ler13	Loc03	Gga01	Xtr04
1	CL00430	Cmi04	Cpl06	Ler06	Loc17	Gga02	Xtr02
1	CL00431	Cmi04	Cpl06	Ler06	Loc03	Gga01	Xtr06
1	CL00432	Cmi04	CplSca4622	Ler06	LocSca17	Gga01	Xtr02
1	CL01268	Cmi04	Cpl12		Loc03		
1	CL01280		Cpl06		Loc14	Gga01	Xtr02
1	CL01301	Cmi04			Loc26		Xtr02
1	CL01339		Cpl06	Ler06	Loc17	Gga01	
1	CL01350	Cmi05	Cpl12, CplSca11933	Ler21			Xtr02
1	CL01377	Cmi04	CplSca15532		Loc03	Gga01	Xtr02
1	CL01391	Cmi04	Cpl06	Ler06	Loc17		
1	CL01420		Cpl06	Ler06	Loc03	Gga01	
1	CL01436	Cmi04	Cpl06		Loc17		Xtr02
1	CL01437	Cmi04	Cpl06			Gga01	Xtr02
1	CL01438		Cpl06		Loc17	Gga01	
1	CL01439	Cmi04	Cpl06	Ler06	Loc18, LocSca17		Xtr02
1	CL01452		Cpl06			Gga15	Xtr02
1	CL01482		Cpl06	Ler06		Gga01	
1	CL01483		Cpl06	LerSca78			Xtr02
1	CL01503	Cmi04	Cpl12		Loc17		
1	CL01505			Ler06	Loc03	Gga01	Xtr02
1	CL01531		CplSca91	Ler13	Loc17	Gga01	Xtr02
1	CL01558		Cpl06	LerSca77	Loc03		
1	CL01567	Cmi04		Ler13	Loc14		
1	CL01568			Ler13	Loc03	Gga01	Xtr02
1	CL01652	Cmi04	Cpl06	Ler06			Xtr02
1	CL01653	Cmi04	Cpl04	Ler04	Loc03		Xtr02
1	CL01678		Cpl12	Ler13	Loc06, LocSca3	Gga01	Xtr02
1	CL01721	Cmi04	Cpl12		Loc04	Gga01	Xtr02
1	CL01722	Cmi04		Ler06	LocSca3	Gga01	Xtr02
1	CL01745	Cmi11	Cpl06		LocSca436	Gga01	Xtr02
1	CL01819		Cpl06	Ler06	Loc15		Xtr02
1	CL01891	Cmi04			Loc14	Gga01	Xtr02
1	CL01892	Cmi04	Cpl12	Ler13		Gga01	
1	CL01893	Cmi04	CplSca7386	Ler13	Loc17		
1	CL01895	Cmi04		Ler06		Gga01	Xtr02
1	CL01896	Cmi04	Cpl06		Loc03		Xtr02
1	CL02005		Cpl06		Loc17		Xtr02
1	CL02006		Cpl06		Loc03	Gga01	Xtr06
1	CL02019		Cpl12	Ler13		Gga01	Xtr02
1	CL02020		Cpl12	Ler13	Loc03	Gga01	
1	CL02117	Cmi04		Ler13	Loc17		
1	CL02118	Cmi04			Loc03	Gga01	
1	CL02119	Cmi04	Cpl06		Loc03		
1	CL02137	Cmi11		Ler06		Gga01	
1	CL02186		Cpl06	Ler06	Loc03		
1	CL02235		CplSca6793	Ler06			Xtr02
1	CL02247			Ler13	Loc05		Xtr02
##group=6
277	CL00003	Cmi05	Cpl11	Ler10	Loc10	Gga08	Xtr04
25	CL00683	Cmi05	Cpl11	Ler10	Loc10		Xtr04
20	CL00061	Cmi05	Cpl11	LerSca	Loc10	Gga08	Xtr04
15	CL00064	Cmi05	Cpl11	Ler10	LocSca	Gga08	Xtr04
14	CL00719	Cmi05	Cpl11	Ler10	Loc10	Gga08	
13	CL00722	Cmi05	Cpl11	Ler10	Loc10		
13	CL00723	Cmi05	Cpl11		Loc10	Gga08	Xtr04
12	CL00737	Cmi05	Cpl11	Ler10		Gga08	Xtr04
6	CL00124	Cmi05	CplSca	Ler10	Loc10	Gga08	Xtr04
4	CL00645	Cmi05	Cpl11	Ler10		Gga08	
4	CL00918		Cpl11	Ler10	Loc10		Xtr04
4	CL00934	Cmi05			Loc10	Gga08	Xtr04
3	CL00635	Cmi05	Cpl11	Ler10			Xtr04
3	CL00964	Cmi05		Ler10	Loc10	Gga08	Xtr04
3	CL00993		Cpl11		Loc10	Gga08	Xtr04
2	CL00163	Cmi05	Cpl13	LerSca	Loc10	Gga08	Xtr04
2	CL01115	Cmi05	Cpl11		Loc10		
2	CL01143		Cpl11	Ler10	Loc10		
2	CL01170	Cmi05	Cpl11		Loc10		Xtr04
1	CL00245	Cmi05	Cpl08	Ler39	Loc10	Gga08	Xtr04
1	CL00295	Cmi05	Cpl11	Ler10	Loc05	Gga08	Xtr04
1	CL00434	Cmi05	Cpl11	Ler10	Loc10	Gga02	Xtr06
1	CL00435	Cmi05	Cpl11	Ler10	Loc02	Gga08	Xtr04
1	CL00436	Cmi05	Cpl11	Ler10	Loc10	Gga03	Xtr04
1	CL00439	Cmi05	Cpl13	Ler14	Loc10	Gga08	Xtr04
1	CL00440	Cmi05	Cpl11	LerSca52	Loc10	GgaSca106	Xtr04
1	CL00441	Cmi05	Cpl11	LerSca52	Loc07	Gga08	Xtr04
1	CL00442	Cmi05	Cpl11	Ler10	Loc10	Gga08	Xtr07
1	CL01258	Cmi05	Cpl11	LerSca317, LerSca163, LerSca347		Gga08	
1	CL01304			Ler10	Loc10	Gga08	Xtr04
1	CL01318	Cmi05		Ler10	Loc10		Xtr04
1	CL01392			Ler10	Loc10	Gga08	
1	CL01443	Cmi05			Loc10, LocSca6		Xtr04
1	CL01508	Cmi05			Loc10	Gga03	Xtr05
1	CL01571	Cmi05		Ler10			Xtr04
1	CL01573	Cmi05	Cpl11		Loc10	Gga08	
1	CL01614	Cmi05	Cpl11	LerSca179, LerSca675	Loc10		Xtr04
1	CL01724	Cmi05	Cpl11	Ler10	Loc10		Xtr09
1	CL01897	Cmi05	CplSca14716		Loc10		Xtr08
1	CL01898	Cmi05	Cpl11	LerSca52	Loc10		
1	CL02017		Cpl11	Ler10	Loc10	Gga08	
1	CL02120	Cmi05				Gga08	Xtr09
1	CL02121	Cmi05	Cpl06		Loc10		
1	CL02122	Cmi05		Ler10		Gga08	
1	CL02193		Cpl11	Ler10			Xtr04
1	CL02246			Ler10		Gga08	Xtr04
##group=7
292	CL00005	Cmi05	Cpl19	Ler19	Loc08	Gga01	Xtr03
202	CL00015	Cmi05	Cpl23	Ler22	Loc08	Gga01	Xtr03
14	CL00720	Cmi05	Cpl19	Ler19		Gga01	Xtr03
13	CL00066	Cmi05	Cpl19	Ler19	LocSca	Gga01	Xtr03
9	CL00773	Cmi05		Ler19	Loc08	Gga01	Xtr03
6	CL00838	Cmi05	Cpl23	Ler22	Loc08		
6	CL00840	Cmi05		Ler22	Loc08	Gga01	Xtr03
5	CL00188	Cmi05	Cpl23	Ler22	LocSca	Gga01	Xtr03
5	CL00851	Cmi05	Cpl23	Ler22		Gga01	Xtr03
5	CL00869	Cmi05			Loc08	Gga01	Xtr03
5	CL00878		Cpl23	Ler22	Loc08	Gga01	Xtr03
5	CL00881		Cpl23	Ler22	Loc08		
4	CL00644	Cmi05	Cpl19	Ler19		Gga01	
4	CL00888		Cpl23	Ler22	Loc08		Xtr03
4	CL00893	Cmi05	Cpl23	Ler22	Loc08	Gga01	
4	CL00919	Cmi05	Cpl23		Loc08	Gga01	Xtr03
3	CL00141	Cmi05	Cpl27	Ler22	Loc08	Gga01	Xtr03
3	CL00189	Cmi05	Cpl26	Ler19	Loc08	Gga01	Xtr03
3	CL01015	Cmi05			Loc08		Xtr03
2	CL00612	CmiSca67	Cpl23	Ler22	Loc08	Gga01	Xtr03
2	CL01048	Cmi05			Loc08	Gga01	
2	CL01081	Cmi05	Cpl23		Loc08		
2	CL01109		Cpl23		Loc08	Gga01	Xtr03
2	CL01127		Cpl19	Ler19		Gga01	Xtr03
2	CL01140	Cmi05		Ler22	Loc08		Xtr03
2	CL01171	Cmi05	Cpl23		Loc08		Xtr03
1	CL00207	Cmi05	Cpl23	Ler01	Loc08	Gga01	Xtr03
1	CL00316	Cmi05	Cpl19	Ler19	Loc01, LocSca2	Gga01	Xtr03
1	CL00317	Cmi05	Cpl23, CplSca5894	LerSca69	Loc08	Gga01	Xtr03
1	CL00318	Cmi05	Cpl23	Ler22	Loc08	Gga01	Xtr09
1	CL00319	Cmi05	Cpl23	Ler22	Loc01	Gga01	Xtr03, XtrSca20
1	CL00443	Cmi05	Cpl11	Ler10	Loc03	Gga10	Xtr03
1	CL00444	Cmi05	Cpl23	Ler22	Loc08	Gga06	Xtr01
1	CL00446	Cmi05	CplSca10957	Ler19	Loc08	Gga01	Xtr03
1	CL00447	Cmi05	Cpl26	Ler19	Loc02	Gga01	Xtr03
1	CL01364	Cmi05	Cpl19			Gga01	Xtr03
1	CL01444	Cmi05	Cpl23			Gga01	Xtr03
1	CL01511	Cmi05			Loc05	Gga12	Xtr03
1	CL01512	Cmi05		Ler19	Loc08	Gga01	
1	CL01556		Cpl19	Ler19	Loc06		Xtr03
1	CL01602		Cpl19	LerSca444	Loc08	Gga01	Xtr03
1	CL01621		Cpl23		Loc08		Xtr04
1	CL01654	Cmi05	Cpl19		Loc05, LocSca2	Gga01	Xtr03
1	CL01655	Cmi05	Cpl19		Loc02, LocSca2	Gga01	Xtr03
1	CL01725	Cmi05	Cpl23		Loc08	GgaZ	Xtr01
1	CL01829		Cpl19	Ler19	Loc05, LocSca2		Xtr03
1	CL01833		Cpl23	Ler22	Loc08	GgaSca105	Xtr03
1	CL01899	Cmi05	Cpl19	Ler19			Xtr03
1	CL01900	Cmi05		Ler19	Loc08		Xtr03
1	CL01901	Cmi05		Ler19		Gga01	Xtr03
1	CL01902	Cmi05	Cpl23	Ler22			Xtr03
1	CL01903	Cmi05			Loc08	Gga01	Xtr06
1	CL02039		Cpl23	Ler22		Gga01	Xtr03
1	CL02091			Ler19	Loc08	Gga01	Xtr03
1	CL02092			Ler22	Loc08	Gga01	Xtr08
1	CL02123	Cmi05	Cpl19			Gga01	
1	CL02124	Cmi05		Ler22			Xtr03
1	CL02201		Cpl19			Gga01	Xtr03
1	CL02254			Ler19	Loc08		Xtr03
##group=8
252	CL00004	Cmi06	Cpl07	Ler07	Loc12	Gga07	Xtr09
41	CL00052	Cmi06	Cpl07	LerSca	Loc12	Gga07	Xtr09
31	CL00679	Cmi06	Cpl07	Ler07	Loc12		Xtr09
26	CL00682	Cmi06	Cpl07		Loc12	Gga07	Xtr09
17	CL00698	Cmi06	Cpl07	Ler07	Loc12	Gga07	
14	CL00715	Cmi06	Cpl07	Ler07	Loc12		
8	CL00097	Cmi06	Cpl07	Ler07	Loc12	Gga09	Xtr09
8	CL00788		Cpl07		Loc12	Gga07	Xtr09
7	CL00826		Cpl07	Ler07	Loc12	Gga07	Xtr09
5	CL00854	Cmi06			Loc12	Gga07	Xtr09
5	CL00859	Cmi06	Cpl07	Ler07		Gga07	Xtr09
4	CL00670	Cmi06	Cpl07	Ler07			Xtr09
3	CL00139	CmiSca	Cpl07	Ler07	Loc12	Gga09	Xtr09
3	CL00950	Cmi06	Cpl07		Loc12		Xtr09
2	CL00162	CmiSca	Cpl07	Ler07	Loc12	Gga07	Xtr09
2	CL00453	Cmi06	Cpl07	Ler46	Loc12	Gga07	Xtr09
2	CL00457	Cmi06	Cpl07	Ler07	Loc12	Gga07	Xtr03
2	CL00648	Cmi06		Ler07		Gga07	Xtr09
2	CL01065	Cmi06	Cpl07		Loc12	Gga07	
2	CL01151	Cmi06		Ler07	Loc12	Gga07	Xtr09
2	CL01196			Ler07	Loc12	Gga07	Xtr09
2	CL01204	Cmi06			Loc12	Gga07	
1	CL00213	Cmi06	Cpl14	Ler07	Loc12	Gga07	Xtr09
1	CL00224	Cmi06	CplSca7007	Ler07	Loc12	Gga07	Xtr09
1	CL00308	Cmi02	Cpl07	Ler07	Loc12	Gga07	Xtr09
1	CL00320	Cmi06	Cpl07	Ler07	Loc03	Gga07	Xtr09
1	CL00321	Cmi06	Cpl07	Ler07	Loc12	Gga34	Xtr02
1	CL00449	Cmi06	CplSca2208	LerSca344	Loc12	Gga07	Xtr09
1	CL00450	Cmi06	Cpl07	LerSca97	Loc02	Gga07	Xtr09
1	CL00451	Cmi06	Cpl07	LerSca89	Loc12	Gga07	XtrSca41
1	CL00454	Cmi06	CplSca11311	Ler07	Loc12	Gga09	Xtr09
1	CL00455	Cmi06	Cpl07	Ler07	Loc12	Gga04	Xtr02
1	CL00456	Cmi06	Cpl07	Ler07	Loc12	Gga01	Xtr03
1	CL00458	Cmi06	Cpl07	Ler07	Loc12	Gga01	Xtr02
1	CL00459	Cmi06	Cpl07	Ler07	Loc12	Gga07	Xtr08
1	CL01223	Cmi06	Cpl07	LerSca250	Loc12	Gga09	
1	CL01296		Cpl07	Ler05	Loc12		
1	CL01306		Cpl07	Ler07	Loc12	Gga09	
1	CL01330		Cpl07	Ler07	Loc12		Xtr09
1	CL01336	Cmi06		LerSca1121	Loc12		
1	CL01347	Cmi06	Cpl07		Loc12	Gga07	Xtr06
1	CL01351	Cmi06	Cpl07	LerSca467	Loc12		
1	CL01385		Cpl07	Ler26, LerSca953	Loc12	Gga07	Xtr09
1	CL01489	Cmi06	Cpl07		Loc12		
1	CL01515		Cpl07	Ler07	Loc12		
1	CL01540	CmiSca76	Cpl07	Ler07	Loc12		
1	CL01561			Ler07	Loc12	Gga07	
1	CL01572		Cpl07		Loc12	Gga14	Xtr09
1	CL01577	Cmi06	Cpl24	Ler39	Loc12		Xtr09
1	CL01730	Cmi06	Cpl07	Ler07	Loc12		Xtr07
1	CL01820		Cpl07	Ler07	Loc12	Gga08	Xtr09
1	CL01905	Cmi06	Cpl07	Ler07		Gga07	
1	CL02007		Cpl07	LerSca653	Loc17		Xtr09
1	CL02126	Cmi06	Cpl07			Gga07	
1	CL02187		Cpl07		Loc12		Xtr09
1	CL02188		Cpl07	Ler07		Gga07	
1	CL02189		Cpl07	LerSca977	Loc12		
1	CL02190		Cpl07	LerSca162			Xtr09
##group=9
206	CL00013	Cmi07	Cpl22	Ler15	Loc05	Gga06	Xtr07
135	CL00034	Cmi07	Cpl38	Ler34	Loc05	Gga06	Xtr07
13	CL00724		Cpl22	Ler15	Loc05	Gga06	Xtr07
13	CL00725	Cmi07	Cpl22		Loc05	Gga06	Xtr07
10	CL00093	Cmi07	Cpl22	Ler15	LocSca	Gga06	Xtr07
10	CL00755	Cmi07	Cpl22	Ler15	Loc05		
9	CL00784	Cmi07	Cpl38	Ler34	Loc05		
8	CL00089	Cmi07	Cpl46	Ler15	Loc05	Gga06	Xtr07
6	CL00829	Cmi07			Loc05	Gga06	Xtr07
6	CL00839	Cmi07	Cpl38	Ler34	Loc05	Gga06	
4	CL00117	Cmi07	CplSca	Ler15	Loc05	Gga06	Xtr07
4	CL00669	Cmi07	Cpl22	Ler15			Xtr07
4	CL00913	Cmi07	Cpl22	Ler15	Loc05	Gga06	
3	CL00153	CmiSca	Cpl22	Ler15	Loc05	Gga06	Xtr07
3	CL00667			Ler15	Loc05	Gga06	Xtr07
3	CL00956	Cmi07			Loc05	Gga06	
3	CL01031		Cpl22		Loc05		Xtr07
2	CL01073		Cpl22	Ler15	Loc05		
2	CL01122	Cmi07		Ler15	Loc05	Gga06	
2	CL01147	Cmi07	Cpl22	Ler15		Gga06	Xtr07
2	CL01152	Cmi07		Ler15	Loc05	Gga06	Xtr07
2	CL01153	Cmi07		Ler34	Loc05	Gga06	Xtr07
2	CL01205	Cmi07	Cpl38		Loc05		
1	CL00272	Cmi07	CplSca7969	Ler34	Loc05	Gga06	Xtr07
1	CL00460	Cmi07	Cpl22	Ler39	Loc05	Gga06	Xtr07
1	CL00461	Cmi07	Cpl38	Ler34	Loc05	Gga06	Xtr04
1	CL00462	Cmi07	CplSca7087	Ler15	Loc05	Gga08	Xtr04
1	CL00463	Cmi07	Cpl22	Ler15	Loc05	Gga06	Xtr03
1	CL01291	Cmi07	CplSca15432, CplSca10618		Loc05	Gga06	
1	CL01422	Cmi07	Cpl22		Loc05	Gga06	
1	CL01484			Ler34	Loc05		Xtr07
1	CL01485	Cmi07		Ler15	Loc05		Xtr07
1	CL01516	Cmi07	Cpl22		Loc05		Xtr07
1	CL01578	Cmi07	Cpl22	Ler15		Gga06	
1	CL01598			Ler15		Gga06	Xtr07
1	CL01656	Cmi07	Cpl22	LerSca297, LerSca158		Gga06	Xtr07
1	CL01657	Cmi07		Ler34	Loc07, LocSca516	Gga06	Xtr01
1	CL01731	Cmi07	Cpl22	Ler15	Loc05		Xtr09
1	CL01732	Cmi07	CplSca79609		LocSca6	Gga06	Xtr08
1	CL01734	Cmi07	Cpl22		Loc05	Gga06	Xtr08
1	CL01735	Cmi07		Ler34	Loc05, LocSca607		Xtr03
1	CL01832		Cpl22	Ler15, LerSca421		Gga06	Xtr07
1	CL01906	Cmi07		Ler34	Loc05	Gga06	
1	CL01907	Cmi07	Cpl38	Ler34		Gga06	
1	CL01908	Cmi07		Ler15		Gga06	Xtr07
1	CL02036		Cpl22	Ler15	Loc05		Xtr07
1	CL02037		Cpl22		Loc05	Gga06	Xtr07
1	CL02056		Cpl38	Ler34	Loc05	Gga06	
1	CL02127	Cmi07		Ler15			Xtr07
1	CL02128	Cmi07				Gga06	Xtr07
##group=10
225	CL00008	Cmi08	Cpl25	Ler25	Loc20	Gga15	Xtr01
14	CL00067	Cmi08	Cpl06	Ler25	Loc20	Gga15	Xtr01
14	CL00721	Cmi08	Cpl25		Loc20	Gga15	Xtr01
12	CL00740	Cmi08	Cpl25	Ler25	Loc20		Xtr01
10	CL00761	Cmi08	Cpl25	Ler25		Gga15	Xtr01
7	CL00810	Cmi08	Cpl25	Ler25	Loc20		
5	CL00857	Cmi08			Loc20	Gga15	Xtr01
5	CL00884	Cmi08		Ler25	Loc20	Gga15	Xtr01
3	CL00470	Cmi08	CplSca14631	Ler25	Loc20	Gga15	Xtr01
3	CL00662	Cmi08	Cpl25	Ler25			Xtr01
2	CL00259	Cmi08	CplSca13213	Ler25	LocSca947	Gga15	Xtr01
2	CL00285	Cmi08	Cpl25	Ler25, LerSca401	Loc01	Gga15	Xtr01
2	CL01082	Cmi08	Cpl25		Loc20		Xtr01
2	CL01123			Ler25	Loc20	Gga15	Xtr01
1	CL00464	Cmi08	Cpl25	Ler25	Loc20	Gga26	Xtr01
1	CL00465	Cmi08	Cpl25	Ler25	Loc20	Gga10	Xtr01
1	CL00466	Cmi08	Cpl25	Ler25	Loc20	Gga18	Xtr01
1	CL00468	Cmi08	Cpl25	Ler25	Loc03	Gga15	Xtr01
1	CL00469	Cmi08	Cpl25	Ler25	Loc20	Gga15	Xtr04
1	CL01353		Cpl25	Ler25		Gga15	Xtr01
1	CL01366	Cmi08	CplSca73174	Ler25	Loc09		Xtr01
1	CL01441	Cmi08	Cpl25	Ler25	Loc20	Gga15	
1	CL01521			Ler25	Loc20	Gga05	
1	CL01528		Cpl25	Ler25	Loc20	Gga15	
1	CL01554		Cpl25		Loc20	Gga15	Xtr01
1	CL01736	Cmi08	CplSca13215	Ler25		Gga15	Xtr01
1	CL01835		Cpl25	Ler25	Loc20		Xtr01
1	CL01910	Cmi08	Cpl25	Ler25		Gga15	
1	CL02129	Cmi08	Cpl25		Loc20		
1	CL02130	Cmi08				Gga15	Xtr01
1	CL02131	Cmi08	Cpl37		Loc20		
1	CL02132	Cmi08		Ler25	Loc20		
1	CL02133	Cmi08			Loc20		Xtr01
1	CL02203		Cpl25	Ler25			Xtr01
##group=11
176	CL00021	Cmi08	Cpl30	Ler31	Loc21	Gga17	Xtr08
9	CL00776	Cmi08	Cpl30	Ler31		Gga17	Xtr08
9	CL00783	Cmi08	Cpl30	Ler31	Loc21		Xtr08
8	CL00789	Cmi08	Cpl30		Loc21	Gga17	Xtr08
7	CL00813	Cmi08	Cpl30	Ler31	Loc21	Gga17	
6	CL00102	Cmi08	Cpl03	Ler31	Loc21	Gga17	Xtr08
5	CL00865	Cmi08		Ler31	Loc21	Gga17	Xtr08
3	CL00148	Cmi08	Cpl30	Ler31	LocSca	Gga17	Xtr08
3	CL00190	Cmi08	Cpl30	Ler31	Loc21	Gga17	XtrSca
3	CL00191	Cmi08	CplSca	Ler31	Loc21	Gga17	Xtr08
3	CL00939	Cmi08	Cpl30	Ler31	Loc21		
3	CL00990		Cpl30	Ler31	Loc21		
2	CL00475	Cmi08	Cpl30	Ler31	Loc21	Gga07	Xtr09
2	CL00477	Cmi08	Cpl30	Ler31	Loc21	Gga17	Xtr07
2	CL01120	Cmi08	Cpl30		Loc21		
2	CL01128		Cpl30		Loc21	Gga17	Xtr08
2	CL01172	Cmi08	Cpl30		Loc21		Xtr08
2	CL01190		Cpl30	Ler31	Loc21		Xtr08
2	CL01217			Ler31	Loc21		Xtr08
1	CL00246	CmiSca1174	Cpl30	Ler10	Loc21	Gga17	Xtr08
1	CL00256	Cmi08	Cpl34	Ler39	Loc21	Gga17	Xtr08
1	CL00471	Cmi08	Cpl30	Ler31	Loc03	Gga17	Xtr08
1	CL00472	Cmi08	Cpl30	Ler31	Loc21	Gga02	Xtr08
1	CL00473	Cmi08	Cpl01	Ler31	Loc21	Gga17	Xtr08
1	CL00474	Cmi08	Cpl30	LerSca744	Loc21	Gga17	Xtr08
1	CL00476	Cmi08	Cpl30	Ler31	Loc21	Gga17	Xtr03
1	CL00478	Cmi08	Cpl30	Ler31	Loc21	Gga17	Xtr05
1	CL01269	Cmi08			Loc21	Gga17	
1	CL01279	Cmi08	Cpl30	Ler31		Gga17	Xtr02
1	CL01440			Ler31	Loc21	Gga17	Xtr08
1	CL01507	Cmi08	Cpl30			Gga17	
1	CL01524	Cmi08	CplSca99245		Loc09	Gga17	Xtr08
1	CL01582	Cmi08			Loc21	Gga17	Xtr08
1	CL01617		Cpl30		Loc21		Xtr08
1	CL01737	Cmi08	Cpl30	Ler31	Loc21		Xtr04
1	CL01911	Cmi08		Ler31	Loc21	Gga17	
1	CL01912	Cmi08		Ler31	Loc21	Gga19	
1	CL02134	Cmi08			Loc21		Xtr08
1	CL02135	Cmi08		Ler31			Xtr08
1	CL02144	Cmi14		Ler31	Loc21		
1	CL02209		Cpl30			Gga17	Xtr08
##group=12
339	CL00001	Cmi09	Cpl10	Ler09	Loc07	Gga05	Xtr08
17	CL00701	Cmi09	Cpl10	Ler09	Loc07		Xtr08
13	CL00081	Cmi09	Cpl10	Ler09	LocSca	Gga05	Xtr08
11	CL00075	CmiSca	Cpl12	Ler09	Loc07	Gga05	Xtr08
11	CL00744	Cmi09	Cpl10	Ler09	Loc07		
11	CL00746	Cmi09	Cpl10	Ler09	Loc07	Gga05	
5	CL00885	Cmi09		Ler09	Loc07	Gga05	Xtr08
4	CL00125	Cmi09	Cpl10	Ler09	Loc07	Gga08	Xtr08
4	CL00916	Cmi09	Cpl10	Ler09		Gga05	Xtr08
3	CL00192	Cmi09	CplSca	Ler09	Loc07	Gga05	Xtr08
2	CL00193	Cmi09	Cpl10	Ler09	Loc07	Gga05	Xtr02
2	CL00194	Cmi09	Cpl12	Ler09	Loc07	Gga05	Xtr08
2	CL01074	Cmi09	Cpl10		Loc07		Xtr08
2	CL01084		Cpl10		Loc07		Xtr08
2	CL01098	Cmi09	Cpl10		Loc07	Gga05	
2	CL01206	Cmi09	Cpl10		Loc07		
2	CL01212		Cpl10	Ler09			Xtr08
1	CL00279	Cmi09	Cpl10	Ler09	Loc05	Gga05	Xtr08
1	CL00324	Cmi09	Cpl10	Ler09	Loc12	Gga05	Xtr08
1	CL00480	Cmi09	Cpl10	Ler09	Loc07	Gga01	Xtr02
1	CL00482	Cmi09	Cpl10	Ler09	Loc07	Gga05	Xtr05
1	CL00484	Cmi09	Cpl21	Ler20	Loc07	Gga08	Xtr08
1	CL00485	Cmi09	Cpl06	Ler09	Loc07	Gga05	Xtr08
1	CL01241		Cpl10	Ler09		Gga05	Xtr08
1	CL01313	Cmi09	Cpl10			Gga05	
1	CL01525	Cmi09		Ler09	Loc07		
1	CL01618		Cpl10	Ler09	Loc07		
1	CL01619	Cmi09		Ler09		Gga05	
1	CL01660	Cmi09	Cpl10, CplSca10416	Ler09	Loc01		Xtr08
1	CL01738	Cmi09	Cpl10	Ler09	Loc11		Xtr08
1	CL01913	Cmi09		Ler09		Gga05	Xtr08
1	CL01914	Cmi09			Loc07	Gga05	Xtr08
1	CL01915	Cmi09	Cpl10			Gga05	Xtr08
1	CL02013		Cpl10	Ler09	Loc07	Gga05	
1	CL02014		Cpl10	Ler09	Loc07		Xtr08
1	CL02022		Cpl12	Ler09	Loc07	Gga05	
1	CL02023		Cpl12	Ler09		Gga05	Xtr08
1	CL02245			Ler09	Loc07	Gga05	
##group=13
118	CL00035	Cmi10	Cpl27	Ler26	Loc06	Gga23	Xtr02
17	CL00651	Cmi10	Cpl27	Ler26	Loc06		
14	CL00716	Cmi10	Cpl27	Ler26	Loc06	Gga23	
12	CL00731	Cmi10	Cpl27	Ler26	Loc06		Xtr02
11	CL00743	Cmi10	Cpl27	Ler26		Gga23	Xtr02
9	CL00082	CmiSca	Cpl27	Ler26	Loc06	Gga23	Xtr02
7	CL00090	Cmi10	Cpl29	Ler26	Loc06	Gga23	Xtr02
4	CL00917	Cmi10		Ler26	Loc06	Gga23	Xtr02
3	CL00195	Cmi10	Cpl27	Ler26	LocSca	Gga23	Xtr02
3	CL00948	Cmi10			Loc06	Gga23	Xtr02
3	CL00987		Cpl27	Ler26	Loc06	Gga23	Xtr02
2	CL00175	Cmi10	Cpl27	Ler26	Loc06	Gga23	Xtr06
2	CL00641		Cpl27		Loc06	Gga23	Xtr02
2	CL01043	Cmi10	Cpl27	Ler26		Gga23	
2	CL01047	Cmi10	Cpl27		Loc06	Gga23	
2	CL01059	Cmi10	Cpl27	Ler26			Xtr02
1	CL00326	Cmi10	Cpl37	Ler26	Loc06	Gga23	Xtr02
1	CL00491	Cmi10	Cpl27	Ler26	Loc03	Gga26	Xtr02
1	CL01325		Cpl27	Ler26	Loc02	Gga23	
1	CL01387	Cmi10	Cpl27		Loc06	Gga23	Xtr03
1	CL01459	Cmi10	Cpl27, CplSca316, CplSca5925, CplSca9233	Ler26	Loc06	Gga01	
1	CL01570	Cmi10			Loc06	Gga23	
1	CL01661	Cmi10, CmiSca159	Cpl27	Ler26	Loc06		Xtr10
1	CL01742	Cmi10	Cpl27		Loc06	GgaZ	Xtr02
1	CL01923	Cmi10	Cpl27		Loc06		
1	CL02042		Cpl27	Ler26	Loc06		Xtr02
1	CL02100			Ler26	Loc06	Gga23	Xtr02
1	CL02108			Ler26	Loc22		Xtr02
1	CL02136	Cmi10	Cpl27				Xtr02
1	CL02204		Cpl27	Ler26	Loc06		
1	CL02205		Cpl27	Ler26		Gga23	
1	CL02206		Cpl27			Gga23	Xtr02
1	CL02259			Ler26	Loc06		Xtr02
##group=14
182	CL00020	Cmi10	Cpl28	Ler28	Loc22	Gga19	Xtr02
11	CL00749	Cmi10	Cpl28	Ler28	Loc22		Xtr02
9	CL00779	Cmi10	Cpl28	Ler28		Gga19	Xtr02
8	CL00087	CmiSca	Cpl28	Ler28	Loc22	Gga19	Xtr02
8	CL00790	Cmi10		Ler28	Loc22	Gga19	Xtr02
8	CL00796		Cpl28	Ler28	Loc22	Gga19	Xtr02
5	CL00164	Cmi10	Cpl23	Ler28	Loc22	Gga19	Xtr02
5	CL00877	Cmi10	Cpl28	Ler28	Loc22		
4	CL00174	Cmi10	CplSca	Ler28	Loc22	Gga19	Xtr02
4	CL00486	Cmi10	Cpl28	Ler28	Loc22	Gga19	Xtr09
4	CL00652	Cmi10	Cpl28	Ler28			Xtr02
3	CL00487	Cmi10	Cpl28	Ler28	Loc22	Gga01	Xtr02
2	CL00488	Cmi10	Cpl37	Ler28	Loc22	Gga19	Xtr02
2	CL01105		Cpl28	Ler28	Loc22		Xtr02
2	CL01106	Cmi10	Cpl28		Loc22		Xtr02
2	CL01154	Cmi10	Cpl28	Ler28	Loc22	Gga19	
1	CL00296	Cmi10	Cpl28	Ler28	Loc09, LocSca25	Gga19	Xtr02
1	CL00489	Cmi10	Cpl28	Ler28	Loc22	Gga19	Xtr10
1	CL00529	Cmi16	Cpl28	Ler28	Loc22	Gga19	Xtr02
1	CL01285	Cmi10		Ler28	LocSca133	Gga19	Xtr02
1	CL01365	Cmi10	Cpl28			Gga19	Xtr02
1	CL01449	Cmi10			Loc22	Gga19	Xtr02
1	CL01453	Cmi10			Loc22	Gga19	
1	CL01739	Cmi10	Cpl25	Ler28	Loc22		Xtr02
1	CL01741	Cmi10	Cpl28	Ler28	Loc22		Xtr03
1	CL01836		Cpl28	Ler28	Loc22	Gga19	Xtr05
1	CL01917	Cmi10	Cpl39	Ler28			Xtr02
1	CL01920	Cmi10		Ler28			Xtr02
1	CL01921	Cmi10		Ler28	Loc22		
1	CL01922	Cmi10	Cpl27	Ler26	Loc22		
1	CL02043		Cpl28	Ler28	Loc22		Xtr08
1	CL02207		Cpl28	Ler28			Xtr02
##group=15
221	CL00007	Cmi11	Cpl13	Ler14	Loc14	Gga09	Xtr05
20	CL00689	Cmi11	Cpl13		Loc14	Gga09	Xtr05
20	CL00690	Cmi11	Cpl13	Ler14	Loc14		Xtr05
15	CL00710	Cmi11	Cpl13	Ler14	Loc14	Gga09	
15	CL00714		Cpl13	Ler14	Loc14	Gga09	Xtr05
9	CL00767	Cmi11	Cpl13	Ler14	Loc14		
8	CL00138	Cmi11	CplSca	Ler14	Loc14	Gga09	Xtr05
8	CL00791	Cmi11	Cpl13	Ler14		Gga09	Xtr05
7	CL00808	Cmi11		Ler14	Loc14	Gga09	Xtr05
7	CL00819	Cmi11	Cpl13		Loc14		Xtr05
5	CL00858	Cmi11	Cpl13	Ler14			Xtr05
4	CL00895	Cmi11	Cpl13		Loc14		
4	CL00925	Cmi11			Loc14	Gga09	Xtr05
4	CL00927		Cpl13		Loc14	Gga09	Xtr05
3	CL00492	Cmi11	Cpl13	Ler14	LocSca341	Gga09	Xtr05
3	CL00639	Cmi11	Cpl13	Ler14		Gga09	
3	CL00967		Cpl13	Ler14	Loc14		
2	CL01187		Cpl13	Ler14	Loc14		Xtr05
2	CL01197			Ler14	Loc14	Gga09	Xtr05
2	CL01207	Cmi11		Ler14			Xtr05
1	CL00214	Cmi11	Cpl13	Ler14	Loc10	Gga09	Xtr05
1	CL00250	Cmi11	Cpl13, CplSca7621	LerSca271	Loc14	Gga09	Xtr05
1	CL00349	CmiSca1159	Cpl13	Ler14	Loc14	Gga09	Xtr05
1	CL00493	Cmi11	Cpl13	Ler14	Loc14	Gga09	Xtr06
1	CL00494	Cmi11	Cpl13	Ler14	Loc14	Gga09	Xtr02
1	CL00496	Cmi11	Cpl13	Ler14	Loc14	Gga14	Xtr05
1	CL01270	Cmi11	Cpl48, CplSca65555		Loc14	Gga09	Xtr05
1	CL01314	Cmi11	Cpl13	Ler14	Loc14	Gga11	
1	CL01587	Cmi11		Ler14	Loc14	Gga09	
1	CL01634		Cpl13			Gga09	Xtr05
1	CL01662	Cmi11	Cpl13		Loc12		Xtr05
1	CL01743	Cmi11	Cpl13		Loc02	Gga09	Xtr05
1	CL01744	Cmi11	Cpl13	Ler14	Loc14		Xtr08
1	CL01924	Cmi11		Ler14	Loc14		Xtr05
1	CL01925	Cmi11			Loc14	Gga01	Xtr07
1	CL02024		Cpl13	Ler14	Loc14	Gga09	
1	CL02025		Cpl13	Ler14		Gga09	Xtr05
1	CL02138	Cmi11				Gga09	Xtr05
1	CL02194		Cpl13		Loc14		Xtr05
1	CL02248			Ler14	Loc14		Xtr05
##group=16
193	CL00012	Cmi12	Cpl18	Ler16	Loc05	Gga12	Xtr04
12	CL00739	Cmi12	Cpl18	Ler16		Gga12	Xtr04
11	CL00745	Cmi12	Cpl18	Ler16	Loc05		Xtr04
10	CL00754	Cmi12	Cpl18	Ler16	Loc05		
10	CL00763	Cmi12	Cpl18		Loc05	Gga12	Xtr04
7	CL00823		Cpl18	Ler16	Loc05	Gga12	Xtr04
5	CL00205	CmiSca	Cpl18	Ler16	Loc05	Gga12	Xtr04
5	CL00879	Cmi12	Cpl18	Ler16	Loc05	Gga12	
5	CL00883	Cmi12		Ler16	Loc05	Gga12	Xtr04
4	CL00144	Cmi12	CplSca	Ler16	Loc05	Gga12	Xtr04
4	CL00937		Cpl18	Ler16	Loc05		Xtr04
2	CL00278	Cmi12	Cpl18	Ler16	Loc05	Gga12	Xtr03
2	CL00497	Cmi12	Cpl18	Ler16	LocSca284	Gga12	Xtr04
2	CL01124	Cmi12	Cpl18		Loc05		Xtr04
2	CL01173	Cmi12	Cpl18	Ler16			Xtr04
2	CL01174	Cmi12			Loc05	Gga12	Xtr04
2	CL01215		Cpl18	Ler16	Loc05		
1	CL00499	Cmi12	Cpl18	Ler16	Loc05	Gga03	Xtr04
1	CL00500	Cmi12	Cpl18	Ler04	Loc05	Gga12	Xtr04
1	CL01394	Cmi12	Cpl18			Gga12	Xtr04
1	CL01395	Cmi12	Cpl18	Ler16	Loc05		Xtr08
1	CL01589	Cmi12		Ler05	Loc05	Gga12	Xtr04
1	CL01622	Cmi12	Cpl45	Ler16	Loc05		
1	CL01746	Cmi12	Cpl18	Ler16		Gga02	Xtr04
1	CL01747	Cmi12	Cpl18		Loc05	Gga25	Xtr04
1	CL01748	Cmi12	Cpl18		Loc05	Gga11	Xtr10
1	CL01828		Cpl18	Ler16	Loc05	Gga11	Xtr04
1	CL01928	Cmi12	Cpl18	Ler16		Gga12	
1	CL01930	Cmi12		Ler05	Loc05		Xtr04
1	CL02030		Cpl18		Loc05	Gga12	Xtr04
1	CL02031		Cpl18		Loc05	GgaZ	Xtr01
1	CL02139	Cmi12			Loc08		Xtr04
1	CL02140	Cmi12				Gga12	Xtr04
1	CL02141	Cmi12		Ler16	Loc05		
1	CL02200		Cpl18	Ler16			Xtr04
1	CL02251			Ler16	Loc05		Xtr04
##group=17
206	CL00018	Cmi13	Cpl14	Ler11	Loc06	Gga13	Xtr03
19	CL00692	Cmi13	Cpl14	Ler11	Loc06	Gga13	
12	CL00733	Cmi13	Cpl14	Ler11	Loc06		
9	CL00771		Cpl14	Ler11	Loc06	Gga13	Xtr03
6	CL00109	Cmi13	CplSca	Ler11	Loc06	Gga13	Xtr03
5	CL00856	Cmi13		Ler11	Loc06	Gga13	Xtr03
3	CL00130	CmiSca	Cpl14	Ler11	Loc06	Gga13	Xtr03
3	CL00946	Cmi13	Cpl14		Loc06		
3	CL00947	Cmi13			Loc06	Gga13	Xtr03
3	CL00971	Cmi13	Cpl14	Ler11		Gga13	
2	CL00158	Cmi13	Cpl20	Ler11	Loc06	Gga13	Xtr03
2	CL01086		Cpl14	Ler11	Loc06		
2	CL01114		Cpl14		Loc06	Gga13	Xtr03
2	CL01175	Cmi13	Cpl14		Loc06	Gga13	
2	CL01208	Cmi13		Ler11			Xtr03
1	CL00328	Cmi13	Cpl30	Ler31	Loc06	Gga13	Xtr03
1	CL00329	Cmi13, CmiSca145	Cpl14	Ler11	Loc06	Gga13	Xtr06
1	CL00502	Cmi13	Cpl14	Ler11	Loc06	Gga13	Xtr04
1	CL00503	Cmi13	Cpl14	Ler11	Loc06	Gga13	Xtr08
1	CL01256	Cmi13		Ler11		Gga13	
1	CL01299		Cpl14	Ler11	Loc06	Gga13	
1	CL01423		Cpl14	Ler11		Gga13	Xtr03
1	CL01486	Cmi13		Ler11	Loc06		Xtr03
1	CL01645			Ler11	Loc06	Gga13	Xtr03
1	CL01749	Cmi13	Cpl14	Ler11	Loc01		Xtr03
1	CL01750	Cmi13	Cpl14		Loc06	Gga01	Xtr07
1	CL01751	Cmi13	Cpl14		Loc08	Gga01	Xtr03
1	CL01931	Cmi13	Cpl14			Gga13	Xtr03
1	CL01993		Cpl01	Ler11, LerSca303			Xtr03
1	CL02026		Cpl14	LerSca543, LerSca622	Loc06		
1	CL02142	Cmi13			Loc06		Xtr03
1	CL02195		Cpl14			Gga13	Xtr03
1	CL02196		Cpl14	Ler11			Xtr03
##group=18
217	CL00010	Cmi14	Cpl17	Ler17	Loc23	Gga11	Xtr04
17	CL00700	Cmi14	Cpl17	Ler17	Loc23		Xtr04
15	CL00072	Cmi14	Cpl17	Ler50	Loc23	Gga11	Xtr04
11	CL00748	Cmi14	Cpl17	Ler17	Loc23	Gga11	
9	CL00775	Cmi14	Cpl17		Loc23	Gga11	Xtr04
8	CL00805	Cmi14	Cpl17	Ler17		Gga11	Xtr04
7	CL00809	Cmi14	Cpl17	Ler17	Loc23		
4	CL00906		Cpl17	Ler17	Loc23	Gga11	Xtr04
4	CL00914		Cpl17	Ler17	Loc23		
3	CL00215	Cmi14	Cpl17, CplSca31098	Ler17	Loc23, LocSca74	Gga16	Xtr01
3	CL00653	Cmi14	Cpl17		Loc23	Gga11	
3	CL00984	Cmi14		Ler17	Loc23	Gga11	Xtr04
3	CL00985	Cmi14			Loc23	Gga11	Xtr04
2	CL00166	Cmi14	CplSca	Ler17	Loc23	Gga11	Xtr04
2	CL01176	Cmi14	Cpl17	Ler17			Xtr04
1	CL00217	Cmi14	Cpl17	Ler17	Loc24	Gga11	Xtr04
1	CL00505	Cmi14	Cpl04	Ler17	Loc23	Gga11	Xtr04
1	CL00506	Cmi14	Cpl17	Ler17	Loc23	Gga11	Xtr05
1	CL00508	Cmi14	Cpl17	Ler17	Loc23	Gga14	Xtr04
1	CL00509	Cmi14	Cpl17	Ler17	Loc23	Gga11	Xtr07
1	CL00510	Cmi14	Cpl17	Ler17	LocSca221	Gga11	Xtr04
1	CL00512	Cmi14	Cpl17	Ler17	Loc18	Gga11	Xtr04
1	CL00541	Cmi19	Cpl17	Ler17	Loc23	Gga11	Xtr04
1	CL00623	CmiSca1102	Cpl17	Ler17	Loc23	Gga11	Xtr04
1	CL01234		Cpl17	Ler17	Loc23	Gga11	
1	CL01263	Cmi14			Loc23		Xtr04
1	CL01283	CmiSca190	Cpl17	Ler50	Loc23		
1	CL01298		Cpl17	Ler17	Loc23	Gga19	Xtr02
1	CL01463		Cpl17	Ler50, LerSca219	LocSca428		Xtr04
1	CL01664	Cmi14, CmiSca758		Ler50	Loc23	Gga35	Xtr04
1	CL01755	Cmi14		Ler17	Loc23	Gga22	Xtr03
1	CL01757	Cmi14	Cpl17	Ler17	Loc23	Gga02	
1	CL01932	Cmi14	Cpl17	Ler17		Gga11	
1	CL01933	Cmi14		Ler17	Loc23	Gga11	
1	CL01934	Cmi14	Cpl17		Loc23		Xtr04
1	CL01935	Cmi14	Cpl17			Gga11	Xtr04
1	CL02029		Cpl17	Ler17		Gga11	Xtr04
1	CL02093			Ler17	Loc23	Gga11	Xtr04
1	CL02145	Cmi14	Cpl17		Loc23		
1	CL02146	Cmi14			Loc23	Gga11	
1	CL02199		Cpl17	Ler17			Xtr04
##group=19
183	CL00019	Cmi15	Cpl15	Ler12	Loc07	Gga04	Xtr08
12	CL00727	Cmi15	Cpl15	Ler12		Gga04	Xtr08
12	CL00735	Cmi15	Cpl15	Ler12	Loc07		
12	CL00736		Cpl15	Ler12	Loc07	Gga04	Xtr08
10	CL00084	CmiSca	Cpl15	Ler12	Loc07	Gga04	Xtr08
10	CL00759	Cmi15	Cpl15		Loc07	Gga04	Xtr08
10	CL00762	Cmi15	Cpl15	Ler12	Loc07	Gga04	
8	CL00105	Cmi15	Cpl24	Ler12	Loc07	Gga04	Xtr08
6	CL00827	Cmi15		Ler12	Loc07	Gga04	Xtr08
5	CL00862	Cmi15			Loc07	Gga04	Xtr08
5	CL00880		Cpl15	Ler12	Loc07		
4	CL00136	Cmi15	CplSca	Ler12	Loc07	Gga04	Xtr08
2	CL00255	Cmi15	Cpl15	LerSca505	Loc07	Gga04	Xtr08
2	CL00515	Cmi15	Cpl15	Ler12	Loc07	Gga04	Xtr09
2	CL01038	Cmi15	Cpl15			Gga04	Xtr08
2	CL01100		Cpl15	Ler12	Loc07		Xtr08
2	CL01188		Cpl15		Loc07	Gga04	Xtr08
2	CL01209	Cmi15	Cpl15		Loc07		
1	CL00280	Cmi15	Cpl15	Ler12	Loc07	Gga04	Xtr01
1	CL00514	Cmi15	Cpl15	Ler12	Loc07	Gga04	Xtr04
1	CL00516	Cmi15	Cpl15	Ler12	Loc04	Gga04	Xtr08
1	CL00517	Cmi15	Cpl15	Ler12	Loc07	Gga02	Xtr06
1	CL00519	Cmi15	Cpl15	Ler12	Loc07	Gga03	Xtr05
1	CL01362	Cmi15			Loc07		Xtr08
1	CL01434	Cmi15	Cpl15	Ler12		Gga04	
1	CL01465	Cmi15	Cpl15	Ler12	Loc07		Xtr02
1	CL01506		Cpl15		Loc07	Gga04	
1	CL01529		Cpl15	Ler12	Loc07	Gga04	
1	CL01758	Cmi15		Ler12	Loc04	Gga04	Xtr01
1	CL01825		Cpl15		Loc05	Gga04	Xtr08
1	CL01936	Cmi15	Cpl15	Ler12			Xtr08
1	CL01937	Cmi15	Cpl15		Loc07	Gga04	
1	CL01938	Cmi15		Ler12	Loc07		Xtr08
1	CL02148	Cmi15			Loc07	Gga04	
1	CL02197		Cpl15	Ler12		Gga04	
1	CL02243			Ler12		Gga04	Xtr08
##group=20
267	CL00006	Cmi16	Cpl21	Ler20	Loc13	Gga14	Xtr09
16	CL00704		Cpl21	Ler20	Loc13	Gga14	Xtr09
15	CL00711	Cmi16	Cpl21	Ler20		Gga14	Xtr09
15	CL00712	Cmi16	Cpl21	Ler20	Loc13	Gga14	
6	CL00843	Cmi16	Cpl21	Ler20	Loc13		
4	CL00126	Cmi16	CplSca	Ler20	Loc13	Gga14	Xtr09
4	CL00891		Cpl21		Loc13	Gga14	Xtr09
4	CL00929	Cmi16	Cpl21		Loc13		
3	CL00523	Cmi16	Cpl21	Ler20	Loc13	Gga14	Xtr08
3	CL00940	Cmi16		Ler20	Loc13	Gga14	Xtr09
3	CL01012		Cpl21		Loc13		Xtr09
2	CL00204	CmiSca	Cpl21	Ler20	Loc13	Gga14	Xtr09
2	CL00211	Cmi16	CplSca22256, CplSca11340	Ler20	Loc13	Gga01	Xtr09
2	CL00228	Cmi16	Cpl21	Ler20	Loc13	Gga14	Xtr07
2	CL01034	Cmi16	Cpl21	Ler20		Gga14	
2	CL01051	Cmi16	Cpl21		Loc13	Gga14	
2	CL01066	Cmi16	Cpl21			Gga14	Xtr09
2	CL01135		Cpl21	Ler20	Loc13		
2	CL01189		Cpl21	Ler20	Loc13		Xtr09
1	CL00397	Cmi02	Cpl08	Ler20	Loc10	GgaSca62	Xtr09
1	CL00525	Cmi16	Cpl21	Ler20	Loc06	Gga14	Xtr09
1	CL00526	Cmi16	Cpl21	Ler20	Loc13	Gga14	Xtr04
1	CL00527	Cmi16	Cpl21	Ler20	Loc13	Gga07	Xtr06
1	CL00528	Cmi16	Cpl21	Ler20	Loc13	Gga14	Xtr06
1	CL01466	Cmi16		Ler20		Gga14	Xtr09
1	CL01604		Cpl21		Loc13	Gga14	
1	CL01759	Cmi16	Cpl21	Ler20	Loc13		Xtr03
1	CL01831		Cpl21	Ler20	Loc13	GgaSca47	Xtr07
1	CL01939	Cmi16			Loc13	Gga14	Xtr09
1	CL01940	Cmi16		Ler20	Loc13	Gga14	
1	CL01941	Cmi16		Ler20	Loc13		Xtr09
1	CL01942	Cmi16	Cpl21	Ler20			Xtr09
1	CL02035		Cpl21	Ler20		Gga14	Xtr09
1	CL02094			Ler20	Loc13	Gga14	Xtr09
1	CL02256			Ler20	Loc13		Xtr09
##group=21
164	CL00025	Cmi17	Cpl16	Ler18	Loc27	Gga05	Xtr04
17	CL00702	Cmi17	Cpl16	Ler18		Gga05	Xtr04
16	CL00070	CmiSca	Cpl16	Ler18	Loc27	Gga05	Xtr04
12	CL00068	Cmi17	Cpl16	Ler18	LocSca	Gga05	Xtr04
10	CL00765	Cmi17	Cpl16	Ler18	Loc27		
9	CL00094	Cmi17	CplSca	Ler18	Loc27	Gga05	Xtr04
8	CL00795	Cmi17	Cpl16	Ler18	Loc27	Gga05	
8	CL00797	Cmi17	Cpl16	Ler18	Loc27		Xtr04
8	CL00800		Cpl16	Ler18	Loc27	Gga05	Xtr04
7	CL00825	Cmi17		Ler18	Loc27	Gga05	Xtr04
3	CL00331	Cmi17	Cpl16	Ler18	Loc04	Gga05	Xtr04
3	CL00996	Cmi17	Cpl16	Ler18			Xtr04
3	CL01001		Cpl16	Ler18		Gga05	Xtr04
3	CL01032			Ler18		Gga05	Xtr04
2	CL01056	Cmi17	Cpl16	Ler18		Gga05	
1	CL00330	Cmi17	Cpl16	Ler18	Loc06	Gga05	Xtr04
1	CL00530	Cmi17	Cpl16	Ler18	Loc27	Gga05	Xtr01
1	CL00532	Cmi17	Cpl16	Ler18	LocSca370	Gga05	Xtr02
1	CL00533	Cmi17	CplSca12492	Ler18	Loc27	Gga05	Xtr07
1	CL00534	Cmi17	Cpl16	Ler18	Loc27	Gga08	Xtr04
1	CL00535	Cmi17	Cpl16	Ler18	Loc27	Gga04	Xtr01
1	CL01278			Ler18	Loc27	Gga05	Xtr04
1	CL01297	Cmi17			Loc27	Gga05	Xtr04
1	CL01468	Cmi17	Cpl05			Gga05	Xtr04
1	CL01469	Cmi17	Cpl16		Loc27		
1	CL01470	Cmi17			Loc27	Gga26	Xtr04
1	CL01533	Cmi17	Cpl16				Xtr04
1	CL01548		Cpl16		Loc27	Gga05	Xtr04
1	CL01555		Cpl16	Ler18	Loc27		Xtr04
1	CL01623		Cpl16	Ler18	Loc27		
1	CL01760	Cmi17	Cpl16	Ler18	Loc01	Gga05	
1	CL01761	Cmi17	Cpl16	Ler18		Gga05	Xtr08
1	CL01762	Cmi17	Cpl16	Ler18	Loc27		Xtr01
1	CL01943	Cmi17		Ler18	Loc27		Xtr04
1	CL01944	Cmi17	Cpl16		Loc27	Gga05	
1	CL01945	Cmi17	Cpl16		Loc27		Xtr04
1	CL01946	Cmi17	Cpl16			Gga05	Xtr04
1	CL01947	Cmi17	Cpl16	LerSca192			Xtr04
1	CL01948	Cmi17	Cpl16		Loc03		Xtr04
1	CL02027		Cpl16	Ler18			Xtr04
1	CL02028		Cpl16	Ler18	Loc27	Gga05	
1	CL02087		CplSca6900	Ler18	LocSca72		Xtr04
1	CL02198		Cpl16		Loc27		Xtr04
1	CL02244			Ler18	Loc27	Gga05	
##group=22
197	CL00016	Cmi18	Cpl20	Ler21	Loc18	Gga20	Xtr10
16	CL00705	Cmi18	Cpl20	Ler21	Loc18		
12	CL00728	Cmi18	Cpl20	Ler21	Loc18		Xtr10
12	CL00729		Cpl20	Ler21	Loc18	Gga20	Xtr10
8	CL00115	Cmi18	Cpl35	Ler21	Loc18	Gga20	Xtr10
7	CL00820	Cmi18	Cpl20	Ler21	Loc18	Gga20	
5	CL00114	Cmi18	CplSca	Ler21	Loc18	Gga20	Xtr10
3	CL00150	Cmi18	Cpl20	Ler21	Loc18	Gga20	Xtr05
3	CL00155	CmiSca	Cpl20	Ler21	Loc18	Gga20	Xtr10
3	CL00954	Cmi18	Cpl20		Loc18	Gga20	
3	CL00957		Cpl20		Loc18	Gga20	Xtr10
2	CL00196	Cmi18	Cpl20	Ler21	Loc18	Gga20	Xtr03
2	CL01039	Cmi18	Cpl20		Loc18		
2	CL01094		Cpl20	Ler21	Loc18		Xtr10
2	CL01118		Cpl20		Loc18	Gga20	
2	CL01119		Cpl20	Ler21	Loc18	Gga20	
2	CL01177	Cmi18			Loc18	Gga20	Xtr10
1	CL00289	Cmi18	Cpl35	Ler21	Loc18	Gga20	Xtr01
1	CL00334	Cmi18	Cpl20	Ler21	Loc18, LocSca48	Gga02	Xtr10
1	CL00538	Cmi18	Cpl20	Ler21	Loc18	Gga20	Xtr01
1	CL00628	CmiSca1434	CplSca1664	Ler21	Loc18	Gga20	Xtr10
1	CL01383	Cmi18		Ler21	Loc18		Xtr10
1	CL01386	Cmi18		Ler21	Loc18	Gga20	
1	CL01402	Cmi18	Cpl20	Ler21			Xtr10
1	CL01490	Cmi18			Loc18	Gga20	
1	CL01763	Cmi18	Cpl20	Ler21	Loc18		Xtr06
1	CL01764	Cmi18		Ler21	Loc18	Gga20	Xtr10
1	CL01765	Cmi18	Cpl35	Ler21		Gga01	Xtr10
1	CL01949	Cmi18			Loc18		Xtr10
1	CL02034		Cpl20	Ler21		Gga20	Xtr10
1	CL02150	Cmi18		Ler21	Loc18		
##group=23
126	CL00033	Cmi19	Cpl26	Ler24	Loc03	Gga26	Xtr02
30	CL00681	Cmi19	Cpl26	Ler24	Loc03	Gga26	
15	CL00713	Cmi19	Cpl26	Ler24	Loc03		
9	CL00780	Cmi19	Cpl26	Ler24	Loc03		Xtr02
4	CL00890	Cmi19			Loc03	Gga26	Xtr02
3	CL00277	Cmi19	CplSca1799	Ler24	Loc03	Gga26	Xtr02
3	CL00659	Cmi19	Cpl26	Ler24		Gga26	
3	CL00942	Cmi19	Cpl26		Loc03		
3	CL00975	Cmi19		Ler24	Loc03	Gga26	Xtr02
3	CL00977	Cmi19	Cpl26	Ler24		Gga26	Xtr02
3	CL00991		Cpl26	Ler24	Loc03	Gga26	
3	CL00994	Cmi19			Loc03	Gga26	
2	CL00159	Cmi19	Cpl26	Ler24	Loc03	Gga26	Xtr05
2	CL00542	Cmi19	Cpl26	Ler24	LocSca265	Gga26	Xtr02
2	CL01085	Cmi19				Gga26	Xtr02
2	CL01102	Cmi19		Ler24	Loc03	Gga26	
2	CL01133		Cpl26	Ler24	Loc03		
1	CL00226	Cmi19	Cpl26	Ler24	Loc03	Gga26	Xtr07
1	CL00297	Cmi19	Cpl26	Ler24	Loc03	Gga26	Xtr01
1	CL00335	Cmi19	Cpl26	Ler24	Loc03	Gga26	Xtr10
1	CL00540	Cmi19	Cpl26	Ler24	Loc03	Gga34	Xtr02
1	CL00543	Cmi19	Cpl26	Ler24	Loc03	Gga10	Xtr03
1	CL00545	Cmi19	Cpl26	Ler24	Loc03	Gga26	Xtr06
1	CL00547	Cmi19	Cpl26	Ler24	Loc03	Gga01	Xtr04
1	CL01250	Cmi19	Cpl26, CplSca75082, CplSca2262	Ler24	Loc03	Gga18	
1	CL01251	Cmi19			Loc03		Xtr02
1	CL01324	Cmi19	Cpl26		Loc03	Gga26	
1	CL01537			Ler24	Loc06		Xtr02
1	CL01766	Cmi19	Cpl04	Ler24		Gga26	Xtr02
1	CL01767	Cmi19	Cpl26	Ler18		Gga26	Xtr02
1	CL01865			Ler24	Loc03	Gga26	Xtr02
1	CL01950	Cmi19	Cpl26	Ler24			Xtr02
1	CL01951	Cmi19		Ler37	Loc03		Xtr02
##group=24
199	CL00014	Cmi20	Cpl24	Ler23	Loc10	Gga18	Xtr10
16	CL00703	Cmi20	Cpl24	Ler23	Loc10		
15	CL00709	Cmi20	Cpl24	Ler23	Loc10		Xtr10
8	CL00112	Cmi20	CplSca	Ler23	Loc10	Gga18	Xtr10
4	CL00910	Cmi20	Cpl24	Ler23	Loc10	Gga18	
4	CL00932	Cmi20		Ler23	Loc10	Gga18	Xtr10
3	CL00260	Cmi20	Cpl24	Ler23	Loc10	Gga18	Xtr09
3	CL00938		Cpl24	Ler23	Loc10		
3	CL01005	Cmi20				Gga18	Xtr10
2	CL00261	Cmi20	Cpl24	Ler23	LocSca501	Gga18	Xtr10
2	CL00624	CmiSca1123	CplSca6025	Ler23	Loc10	Gga18	Xtr10
2	CL01046	Cmi20	Cpl24		Loc10		
2	CL01111		Cpl24	Ler23	Loc10	Gga18	
1	CL00271	Cmi20	Cpl24	Ler23	Loc10	Gga03	Xtr10
1	CL00548	Cmi20	Cpl24	Ler23	Loc10	Gga24	Xtr04
1	CL00549	Cmi20	Cpl24	Ler23	Loc10	Gga18	Xtr03
1	CL00551	Cmi20	Cpl24	Ler23	Loc18	Gga20	Xtr10
1	CL01222	CmiSca45	Cpl24		Loc10		
1	CL01226		Cpl24			Gga18	Xtr10
1	CL01227	Cmi20	Cpl24	Ler23	Loc10		Xtr08
1	CL01355	Cmi20	Cpl24		Loc10	Gga18	
1	CL01370		CplSca9242	Ler23	Loc10	Gga18	Xtr10
1	CL01467	Cmi16		Ler23			Xtr10
1	CL01591	Cmi20		Ler23, LerSca1102			Xtr10
1	CL01592			Ler23	Loc13	Gga14	Xtr10
1	CL01768	Cmi20	Cpl24	Ler23	Loc10		Xtr07
1	CL01769	Cmi20	Cpl24	Ler23		Gga18	Xtr10
1	CL01834		Cpl24	LerSca228	Loc10	Gga18	Xtr10
1	CL01953	Cmi20	Cpl24	Ler23			Xtr10
1	CL01954	Cmi20			Loc10	Gga18	Xtr10
1	CL01955	Cmi20	Cpl24			Gga18	Xtr10
1	CL02040		Cpl24	Ler23		Gga18	Xtr10
1	CL02096			Ler23	Loc10	Gga18	Xtr10
##group=25
171	CL00023	Cmi21	Cpl31	Ler29	Loc19	Gga28	Xtr01
12	CL00730	Cmi21	Cpl31	Ler29	Loc19		
11	CL00742	Cmi21	Cpl31	Ler29	Loc19		Xtr01
10	CL00760	Cmi21	Cpl31	Ler29	Loc19	Gga28	
9	CL00778	Cmi21	Cpl31	Ler29		Gga28	Xtr01
6	CL00845	Cmi21		Ler29	Loc19	Gga28	Xtr01
4	CL00930	Cmi21	Cpl31	Ler29		Gga28	
3	CL00132	Cmi21	Cpl31	Ler29	LocSca	Gga28	Xtr01
3	CL00198	Cmi21	CplSca	Ler29	Loc19	Gga28	Xtr01
3	CL00660	Cmi21	Cpl31	Ler29			Xtr01
2	CL00168	Cmi21	Cpl31	Ler29	Loc19	Gga19	Xtr02
2	CL00197	Cmi21	Cpl31	Ler29	Loc02	Gga28	Xtr01
2	CL00650	Cmi21	Cpl31			Gga28	
2	CL01036		Cpl31	Ler29		Gga28	Xtr01
2	CL01041		Cpl31		Loc19		Xtr01
2	CL01055		Cpl31	Ler29	Loc19		
2	CL01178	Cmi21	Cpl31			Gga28	Xtr01
1	CL00218	Cmi21	Cpl31	Ler29	Loc06	Gga28	Xtr01
1	CL00290	Cmi21	Cpl31	Ler29	Loc19	GgaZ	Xtr01
1	CL00555	Cmi21	Cpl31	Ler29	Loc19	Gga28	Xtr03
1	CL00556	Cmi21	Cpl31	Ler29	Loc02	GgaZ	Xtr01
1	CL00557	Cmi21	Cpl48	Ler29	Loc19	Gga28	Xtr01
1	CL00558	Cmi21	Cpl31	Ler29	Loc19	Gga28	Xtr07
1	CL00560	Cmi21	Cpl31	Ler29	Loc08	Gga28	Xtr01
1	CL01274			Ler29	Loc19	Gga28	
1	CL01303	Cmi21			Loc19		Xtr01
1	CL01310	Cmi03	Cpl31	Ler29	Loc19		Xtr01
1	CL01382	Cmi21		Ler29	Loc19		
1	CL01472	Cmi21	Cpl31	Ler33	Loc19		Xtr01
1	CL01536	Cmi21		Ler29		Gga28	
1	CL01593		Cpl31	Ler29			Xtr01
1	CL01770	Cmi21	Cpl31	Ler29		Gga28	Xtr05
1	CL01771	Cmi21	Cpl31	Ler29		Gga28	Xtr06
1	CL01956	Cmi21		Ler29	Loc19		Xtr01
1	CL01957	Cmi21			Loc19	Gga28	Xtr01
1	CL01958	Cmi21	Cpl31		Loc19	Gga28	
1	CL02047		Cpl31		Loc19	Gga28	Xtr01
1	CL02102			Ler29	Loc19	Gga28	Xtr01
1	CL02151	Cmi21	Cpl31				Xtr01
##group=26
96	CL00042	Cmi26	Cpl36	Ler33	Loc03	Gga10	Xtr03
85	CL00041	Cmi22	Cpl40	Ler36	Loc03	Gga10	Xtr03
58	CL00047	Cmi22	Cpl36	Ler33	Loc03	Gga10	Xtr03
27	CL00056	Cmi26	Cpl40	Ler36	Loc03	Gga10	Xtr03
20	CL00062	Cmi22	Cpl32	Ler33	Loc03	Gga10	Xtr03
6	CL00850	Cmi22	Cpl40	Ler36	Loc03		Xtr03
4	CL00901		Cpl36	Ler33	Loc03	Gga10	Xtr03
4	CL00915		Cpl36	Ler33	Loc03		Xtr03
3	CL00562	Cmi22	Cpl40	Ler36	Loc03	Gga10	Xtr08
3	CL00581	Cmi26	Cpl40	Ler36	Loc03	Gga25	Xtr08
3	CL00969	Cmi26			Loc03	Gga10	Xtr03
3	CL01019	Cmi22		Ler33	Loc03	Gga10	Xtr03
2	CL01044	Cmi22	Cpl40	Ler36	Loc03	Gga10	
2	CL01057		Cpl40		Loc03	Gga10	Xtr03
2	CL01093	Cmi22	Cpl40	Ler36	Loc03		
2	CL01110	Cmi26	Cpl36			Gga10	Xtr03
2	CL01130	Cmi26	Cpl40		Loc03		
2	CL01136	Cmi22	Cpl40		Loc03		Xtr03
2	CL01141	Cmi22			Loc03		Xtr03
2	CL01155	Cmi26	Cpl36	Ler33		Gga10	Xtr03
2	CL01156	Cmi26		Ler33	Loc03	Gga10	Xtr03
2	CL01180	Cmi26	Cpl40	Ler36	Loc03		
1	CL00219	Cmi22	CplSca7818	Ler33	Loc03	Gga10	Xtr03
1	CL00239	Cmi26	Cpl40	Ler36	Loc03	Gga10	Xtr01
1	CL00299	Cmi22	Cpl40	Ler36	Loc14	Gga10	Xtr03
1	CL00337	Cmi22	Cpl36	Ler33	Loc02	Gga01	Xtr03
1	CL00561	Cmi22	Cpl40	Ler36	Loc03	Gga10	Xtr07
1	CL00563	Cmi22	Cpl40	Ler36	Loc03	Gga10	Xtr02
1	CL00564	Cmi22	Cpl40	Ler36	Loc03	Gga08	Xtr03
1	CL00565	Cmi22	Cpl40	Ler36	Loc03	Gga10	Xtr04
1	CL00579	Cmi26	CplSca7381	Ler33	Loc03	Gga10	Xtr03
1	CL00580	Cmi26	Cpl36	Ler33	LocSca302	Gga10	Xtr03
1	CL00582	Cmi26	Cpl40	Ler36	Loc03	Gga02	Xtr06
1	CL00583	Cmi26	Cpl40	Ler36	Loc03	Gga10	Xtr02
1	CL00619	CmiSca404	Cpl32	Ler33	Loc03	Gga10	Xtr03
1	CL01381		Cpl40	Ler36	Loc03	Gga10	Xtr03
1	CL01425	Cmi22	Cpl40	Ler36			Xtr03
1	CL01456	Cmi22	Cpl36	Ler33			Xtr03
1	CL01473	Cmi22	Cpl40				Xtr03
1	CL01488	Cmi26	Cpl50	Ler36	Loc03		
1	CL01596		CplSca13927	Ler33	Loc03		
1	CL01597	Cmi26	Cpl40		Loc03	Gga10	
1	CL01772	Cmi22		Ler36	Loc03	Gga10	Xtr01
1	CL01773	Cmi22	Cpl40	Ler36		Gga10	Xtr03
1	CL01959	Cmi22		Ler33	Loc03		Xtr03
1	CL01960	Cmi22		Ler36	Loc03		Xtr03
1	CL01961	Cmi22	Cpl40			Gga10	Xtr03
1	CL01962	Cmi22			Loc03	Gga10	Xtr03
1	CL02049		Cpl32	Ler33		Gga10	Xtr03
1	CL02051		Cpl36	Ler33	Loc03	Gga10	
1	CL02052		Cpl36	Ler33		Gga10	
1	CL02058		Cpl40	Ler36	Loc03		Xtr03
1	CL02214		Cpl36	Ler33			Xtr03
1	CL02216		Cpl40			Gga10	Xtr03
##group=27
155	CL00028	Cmi23	Cpl33	Ler27	Loc15	Gga27	Xtr10
14	CL00718	Cmi23	Cpl33	Ler27	Loc15	Gga27	
12	CL00732	Cmi23	Cpl33	Ler27	Loc15		Xtr10
9	CL00774	Cmi23	Cpl33	Ler27	Loc15		
7	CL00098	Cmi23	Cpl31	Ler27	Loc15	Gga27	Xtr10
6	CL00830		Cpl33	Ler27	Loc15	Gga27	Xtr10
4	CL00113	Cmi23	CplSca	Ler27	Loc15	Gga27	Xtr10
3	CL00944	Cmi23		Ler27	Loc15		Xtr10
3	CL00978	Cmi23		Ler27	Loc15	Gga27	Xtr10
3	CL00983			Ler27	Loc15	Gga27	Xtr10
2	CL00160	Cmi23	Cpl16	Ler27	Loc15	Gga27	Xtr10
2	CL00199	Cmi23	Cpl33	Ler27	Loc15	Gga27	Xtr02
2	CL00571	Cmi23	Cpl33	Ler27	Loc15	Gga27	Xtr04
2	CL01050		Cpl33	Ler27		Gga27	
2	CL01061	Cmi23	Cpl33		Loc15	Gga27	
1	CL00264	Cmi23	Cpl33	Ler27	Loc15	Gga22	Xtr03
1	CL00273	Cmi02	Cpl33	Ler27	Loc15	Gga27	Xtr10
1	CL00566	Cmi23	Cpl33	Ler27	Loc15	Gga27	Xtr06
1	CL00567	Cmi23	Cpl31	Ler27	Loc15	Gga27	Xtr05
1	CL00568	Cmi23	Cpl33	Ler27	Loc15	Gga08	Xtr10
1	CL00569	Cmi23	Cpl33	Ler27	Loc15	Gga36	Xtr10
1	CL00570	Cmi23	Cpl33	Ler27	Loc15	Gga27	Xtr01
1	CL00572	Cmi23	Cpl08	Ler27	Loc15	Gga27	Xtr10
1	CL01239	Cmi23, CmiSca699	Cpl33, CplSca14519, CplSca67005	Ler27	Loc15, LocSca463	GgaZ	
1	CL01346	Cmi23	Cpl33	Ler27	Loc04	Gga27	
1	CL01427	Cmi23	Cpl33	Ler27		Gga27	
1	CL01494		Cpl33	Ler27			Xtr10
1	CL01776	Cmi23	Cpl31	Ler27	Loc15	Gga27	
1	CL01838		Cpl33	Ler02	Loc15		Xtr10
1	CL01963	Cmi23	Cpl33	Ler27			Xtr10
1	CL02152	Cmi23		Ler27		Gga27	
##group=28
151	CL00029	Cmi24	Cpl34	Ler30	Loc25	Gga21	Xtr07
19	CL00695	Cmi24	Cpl34	Ler30	Loc25		Xtr07
10	CL00757	Cmi24	Cpl34	Ler30	Loc25	Gga21	
7	CL00818		Cpl34	Ler30	Loc25	Gga21	Xtr07
7	CL00824	Cmi24	Cpl34	Ler30	Loc25		
6	CL00106	CmiSca	Cpl34	Ler30	Loc25	Gga21	Xtr07
6	CL00828	Cmi24	Cpl34	Ler30		Gga21	Xtr07
3	CL00137	Cmi24	Cpl34	Ler30	Loc25	Gga21	Xtr05
3	CL00177	Cmi24	Cpl34	Ler30	Loc25	Gga01	Xtr07
3	CL00200	Cmi24	Cpl34	Ler30	LocSca	Gga21	Xtr07
3	CL00965		Cpl34	Ler30		Gga21	Xtr07
3	CL01010	Cmi24	Cpl34	Ler30			Xtr07
2	CL00282	Cmi24	Cpl34	Ler30	Loc26	Gga21	XtrSca1
2	CL00288	Cmi24	Cpl34	Ler30	Loc02	Gga21	Xtr07
2	CL01107	Cmi24	Cpl34		Loc25		
2	CL01179	Cmi24	Cpl34	Ler30		Gga21	
2	CL01191		Cpl34	Ler30			Xtr07
1	CL00265	Cmi24	Cpl34	Ler30	Loc25	Gga04	Xtr03
1	CL00573	Cmi24	Cpl34	Ler30	Loc25	Gga04	Xtr07
1	CL00574	Cmi24	Cpl34	Ler30	Loc25	Gga01	Xtr02
1	CL00575	Cmi24	Cpl34	LerSca100	Loc02	Gga21	XtrSca75
1	CL00576	Cmi24	Cpl34	Ler30	Loc25	Gga21	XtrSca53
1	CL01261		Cpl34	Ler30	Loc25	Gga21	
1	CL01474		Cpl34	Ler30		Gga21	XtrSca1
1	CL01778	Cmi24	Cpl34	Ler30		Gga21	XtrSca1
1	CL01964	Cmi24	Cpl34		Loc25		Xtr07
1	CL02237			Ler30		Gga21	Xtr07
1	CL02263			Ler30	Loc25		Xtr07
##group=29
110	CL00039	Cmi25	Cpl35	Ler32	Loc26	Gga24	Xtr07
12	CL00076	Cmi25	Cpl36	Ler32	Loc26	Gga24	Xtr07
6	CL00844	Cmi25	Cpl35	Ler32	Loc26		Xtr07
5	CL00127	Cmi25	Cpl35	Ler32	Loc24	Gga24	Xtr07
5	CL00638	Cmi25	Cpl35	Ler32	Loc26		
3	CL00154	CmiSca	Cpl36	Ler32	Loc26	Gga24	Xtr07
3	CL00642	Cmi25	Cpl35	Ler32			Xtr07
3	CL00968	Cmi25	Cpl35	Ler32		Gga24	Xtr07
3	CL00979		Cpl35	Ler32	Loc26		Xtr07
2	CL01192		Cpl36	Ler32	Loc26		Xtr07
1	CL00577	Cmi25	Cpl35	Ler32	Loc26	Gga30	Xtr07
1	CL01409	Cmi25	CplSca4582	Ler32		Gga24	
1	CL01410		CplSca2561	Ler32	Loc24		Xtr07
1	CL01538		CplSca14949	Ler32		Gga24	Xtr07
1	CL01539	Cmi25	Cpl35	Ler32		Gga24	
1	CL01779	Cmi25		Ler32	Loc26	Gga24	Xtr07
1	CL01966	Cmi25			Loc26	Gga24	Xtr07
1	CL01967	Cmi25		Ler32	Loc26		Xtr07
1	CL02101			Ler32	Loc26	Gga24	Xtr07
1	CL02153	Cmi25	Cpl35				Xtr07
1	CL02154	Cmi25	Cpl35		Loc26		
1	CL02212		Cpl35	Ler32			Xtr07
1	CL02213		Cpl35		Loc26		Xtr05
1	CL02238			Ler32		Gga24	Xtr07
##group=30
65	CL00050	Cmi27	Cpl43	Ler40	Loc04	Gga34	Xtr02
23	CL00686	Cmi27			Loc04	Gga34	Xtr02
9	CL00100	Cmi27	Cpl42	Ler40	Loc04	Gga34	Xtr02
6	CL00834	Cmi27			Loc04		Xtr02
5	CL00852	Cmi27		LerSca	Loc04	Gga34	Xtr02
4	CL00108	CmiSca	Cpl43	Ler40	Loc04	Gga34	Xtr02
4	CL00898		Cpl43	Ler40	Loc04	Gga34	Xtr02
3	CL00157	Cmi27	CplSca	Ler40	Loc04	Gga34	Xtr02
3	CL00178	Cmi27	Cpl35	Ler32	Loc04	Gga34	Xtr02
3	CL00958	Cmi27	Cpl43	Ler40	Loc04		
3	CL00992		Cpl43	Ler40	Loc04		Xtr02
3	CL01020	Cmi27	Cpl43		Loc04	Gga34	Xtr02
3	CL01021	Cmi27		Ler40	Loc04		Xtr02
2	CL00339	Cmi27	CplSca467	LerSca980	Loc04, LocSca715	Gga34	Xtr02
2	CL00665		Cpl43			Gga34	Xtr02
2	CL01033	Cmi27	Cpl43	Ler40	Loc04	Gga34	
2	CL01054		Cpl43		Loc04	Gga34	Xtr02
2	CL01068	Cmi27		Ler40	Loc04	Gga34	Xtr02
2	CL01157	Cmi27	CplSca		Loc04	Gga34	Xtr02
2	CL01210	Cmi27				Gga34	Xtr02
1	CL00223	Cmi27	Cpl43	LerSca1155	Loc04	Gga34	Xtr02
1	CL00585	Cmi27	Cpl40	Ler40	Loc04	Gga34	Xtr02
1	CL01292	Cmi27	Cpl05		Loc04	Gga34	Xtr02
1	CL01293	Cmi27	Cpl43		Loc04	Gga34	
1	CL01329	Cmi27	Cpl46		Loc04	Gga07	Xtr09, XtrSca29
1	CL01541		Cpl44	Ler40			Xtr02
1	CL01542	Cmi27	CplSca7980			Gga34	Xtr02
1	CL01543	Cmi27		LerSca88		Gga27	Xtr02
1	CL01575	Cmi27	Cpl43		Loc04		Xtr02
1	CL01782	Cmi27	CplSca82327	Ler36		Gga34	Xtr09
1	CL01784	Cmi27	Cpl04		Loc04	Gga34	Xtr02
1	CL01785	Cmi27	Cpl18		Loc04	Gga09	Xtr05
1	CL01786	Cmi27		Ler02	Loc04	Gga34	Xtr02
1	CL01846		Cpl43	Ler40		Gga34	Xtr02
1	CL01968	Cmi27	Cpl43			Gga34	Xtr02
1	CL01969	Cmi27		Ler02	Loc04		Xtr02
1	CL02155	Cmi27		LerSca1396			Xtr02
1	CL02218		Cpl43		Loc04	Gga01	
1	CL02242			Ler40	Loc04	Gga34	
1	CL02265			Ler40	Loc04		Xtr02
##group=31
77	CL00045	Cmi28	Cpl42	Ler35	Loc01	Gga22	Xtr03
19	CL00693	Cmi28	Cpl42	Ler35	Loc01		Xtr03
19	CL00694		Cpl42	Ler35	Loc01	Gga22	Xtr03
8	CL00786	Cmi28	Cpl42	Ler35	Loc01	Gga22	
7	CL00134	Cmi28	CplSca	Ler35	Loc01	Gga22	Xtr03
6	CL00836	Cmi28	Cpl42	Ler35	Loc01		
6	CL00841	Cmi28		Ler35	Loc01	Gga22	Xtr03
3	CL01002	Cmi28	Cpl42		Loc01		
2	CL00179	Cmi28	Cpl42	Ler35	Loc01	GgaSca	Xtr03
2	CL00590	Cmi28	Cpl41	Ler35	Loc01	Gga22	Xtr03
2	CL01040			Ler35	Loc01		Xtr03
2	CL01049	Cmi28	Cpl42	Ler35			Xtr03
2	CL01103		Cpl42		Loc01	Gga22	Xtr03
2	CL01104		Cpl42	Ler35	Loc01		
2	CL01121	Cmi28		Ler35	Loc01		
2	CL01129	Cmi28		Ler35	Loc01		Xtr03
1	CL00258	Cmi27	Cpl42	Ler35	Loc01	Gga22	Xtr03
1	CL00588	Cmi28	Cpl42	Ler35	Loc01	Gga22	Xtr07
1	CL00589	Cmi28	Cpl42	Ler35	Loc01	Gga11	Xtr04
1	CL00591	Cmi28	Cpl05	Ler35	Loc01	Gga22	Xtr03
1	CL01300	Cmi28	Cpl42	Ler35		Gga22	
1	CL01397	CmiSca1237	Cpl42	Ler35	Loc01		Xtr03
1	CL01398	CmiSca1175	Cpl42		Loc01	Gga22	Xtr03
1	CL01447	CmiSca1001	Cpl42	Ler35	Loc01		
1	CL01448		Cpl42	Ler35	Loc01	Gga22	
1	CL01517	Cmi28		Ler35	Loc01	Gga22	
1	CL01518			Ler35	Loc01	Gga06	
1	CL01544	Cmi28	Cpl42		Loc01		Xtr03
1	CL01808	CmiSca1001	Cpl42	Ler35		Gga22	Xtr03
1	CL01971	Cmi28			Loc01	Gga22	Xtr03
1	CL02059		Cpl42	Ler35	Loc01		Xtr03
1	CL02098			Ler35	Loc01	Gga22	Xtr03
1	CL02156	Cmi28	Cpl42				Xtr03
##group=32
33	CL00678	Cmi29	Cpl08	Ler39	Loc06		Xtr03
18	CL00059	Cmi29	Cpl08	Ler39	Loc06	Gga30	Xtr03
18	CL00697		Cpl08	Ler39	Loc06		Xtr03
11	CL00595	Cmi29	Cpl34	Ler39	Loc06	Gga30	Xtr03
10	CL00758	Cmi29	Cpl08	Ler39	Loc06		
8	CL00801		Cpl08	Ler39	Loc06	Gga30	Xtr03
6	CL00257	CmiSca87	Cpl08	Ler39	Loc06	Gga30	Xtr03
6	CL00831		Cpl08	Ler39	Loc06		
3	CL00225	Cmi29	Cpl08	Ler39	Loc06	Gga17	Xtr03
3	CL00252	Cmi29	CplSca9715	Ler39	Loc06	Gga30	Xtr03
3	CL00943	Cmi29	Cpl08	Ler39			Xtr03
2	CL00237	Cmi29	Cpl08	Ler39	LocSca446, LocSca418	Gga30	Xtr03
2	CL00247	Cmi29	Cpl08	Ler39	Loc10	Gga30	Xtr03
2	CL00340	Cmi29	Cpl08	Ler39	Loc06	Gga30	Xtr02
2	CL00592	Cmi29	Cpl08	Ler39	Loc06	Gga30	Xtr10
2	CL00593	Cmi29	Cpl08	Ler39	Loc06	Gga30	Xtr08
2	CL01064	Cmi29	Cpl08	Ler39	Loc06	Gga30	
2	CL01132		Cpl08	Ler39			Xtr03
2	CL01181	Cmi29	Cpl08		Loc06		Xtr03
2	CL01211	Cmi29	Cpl08		Loc06		
1	CL00266	Cmi29	Cpl08	Ler39	Loc06	Gga38	Xtr03
1	CL00594	Cmi29	Cpl08	Ler39	Loc02	Gga30	Xtr03
1	CL01237		Cpl08	Ler39	Loc06	Gga36	Xtr09
1	CL01265	Cmi29		Ler39	Loc06		Xtr03
1	CL01287		Cpl08	Ler39		Gga30	Xtr03
1	CL01302	Cmi29	Cpl08				Xtr03
1	CL01442		Cpl08		Loc06		Xtr04
1	CL01455		Cpl08	Ler39	Loc06	Gga30	
1	CL01509	Cmi29		Ler39	Loc06		Xtr04
1	CL01510		Cpl08		Loc06		Xtr03
1	CL01594			Ler39	Loc06		Xtr03
1	CL01615	Cmi29			Loc06		Xtr03
1	CL01658	Cmi08	Cpl08	Ler39	Loc06	Gga30	
1	CL01788	Cmi29	Cpl08	Ler39		Gga30	Xtr03
1	CL01790	Cmi29	Cpl08	Ler39	Loc06		Xtr09
1	CL01791	Cmi29		Ler39	Loc06	Gga30	Xtr01
1	CL01973	Cmi29		Ler39	Loc06	Gga30	
##group=33
42	CL00051	Cmi31	Cpl39	Ler37	Loc12	Gga01	Xtr04
31	CL00680	Cmi31	Cpl39	Ler37		Gga01	Xtr04
6	CL00848		Cpl39	Ler37	Loc12	Gga01	Xtr04
5	CL00853		Cpl39	Ler37		Gga01	Xtr04
4	CL00600	Cmi31	CplSca6760	Ler37	Loc12	Gga01	Xtr04
3	CL00658	Cmi31	Cpl39			Gga01	Xtr04
3	CL00995	Cmi31		Ler37		Gga01	Xtr04
2	CL00180	Cmi31	Cpl39	Ler37	Loc12	Gga02	Xtr04
2	CL00203	CmiSca	Cpl39	Ler37	Loc12	Gga01	Xtr04
2	CL00643		Cpl39	Ler37	Loc12		
2	CL01052	Cmi31	Cpl39	Ler37	Loc12		
2	CL01126			Ler37		Gga01	Xtr04
1	CL00232	Cmi31	Cpl39	Ler37	Loc03	Gga01	Xtr04
1	CL00238	Cmi31	Cpl39	Ler37	Loc08	Gga05	Xtr04
1	CL00301	Cmi31	Cpl39	Ler37	Loc13	Gga01	Xtr04
1	CL00597	Cmi31	Cpl39	Ler37	Loc16	Gga01	Xtr04
1	CL00599	Cmi31	Cpl39	Ler37	LocSca23	Gga01	Xtr10
1	CL00602	Cmi31	Cpl39	Ler37	Loc10	Gga08	Xtr04
1	CL01335		Cpl39	Ler16, LerSca188	Loc08	Gga01	Xtr03
1	CL01406	Cmi31		Ler37	Loc12	Gga01	Xtr04
1	CL01407			Ler37	Loc08	Gga01	Xtr03
1	CL01471	Cmi31	Cpl39	LerSca185			Xtr04
1	CL01532		Cpl39	Ler37		Gga01	
1	CL01547	Cmi30		Ler37			Xtr04
1	CL01590		Cpl39		Loc12		Xtr09
1	CL01794	Cmi31	Cpl39	Ler37	Loc12		Xtr04
1	CL01799	Cmi31	CplSca8847	Ler37	Loc14		Xtr04
1	CL01843		Cpl39	Ler37	Loc27	Gga05	Xtr04
1	CL01862			Ler37	Loc12	Gga01	Xtr04
1	CL01980	Cmi31	Cpl39	Ler37		Gga01	
1	CL02160	Cmi31			Loc12	Gga01	
1	CL02161	Cmi31				Gga01	Xtr04
1	CL02162	Cmi31		Ler37			Xtr04
1	CL02163	Cmi31		Ler37	Loc12		
##group=34
23	CL00685	Cmi31	Cpl39	Ler37			Xtr07
7	CL00343	Cmi31, CmiSca461	Cpl39	Ler37	LocSca808	GgaSca131	Xtr07
6	CL00835		Cpl39	Ler37			Xtr07
5	CL00860	Cmi31	Cpl39				Xtr07
5	CL00886	Cmi31	Cpl39	Ler37		Gga31	Xtr07
2	CL00637	Cmi31	Cpl40	LerSca80			Xtr07
1	CL00281	Cmi31	Cpl39	Ler37	Loc04	Gga31	Xtr07
1	CL00342	Cmi31	Cpl39	Ler37	Loc03	Gga31	Xtr07
1	CL00344	Cmi31	Cpl39	Ler37	Loc09	Gga31	Xtr07
1	CL01369	CmiSca974	Cpl39	Ler37	Loc08		Xtr07
1	CL01401		Cpl39	LerSca927		Gga11	Xtr07
1	CL01669	Cmi31	Cpl39	Ler37	Loc27		Xtr07
1	CL01797	Cmi31	Cpl39	Ler37		Gga27	Xtr07
1	CL01798	Cmi31	Cpl39	Ler37	Loc22		Xtr07
1	CL01806	CmiSca974	Cpl39	Ler37			Xtr07
1	CL01981	Cmi31	Cpl39	LerSca502			Xtr07
1	CL02157	Cmi31		LerSca80			Xtr07
1	CL02158	Cmi31			LocSca61		Xtr07
1	CL02159	Cmi31		Ler37			Xtr07
##group=35
50	CL00086	CmiSca	Cpl51	LerSca	Loc24	Gga25	Xtr08
5	CL00647			Ler24		Gga25	Xtr08
3	CL00263	Cmi19	CplSca8092	Ler24	Loc05	Gga25	Xtr08
3	CL00292	Cmi01	CplSca121	Ler24	LocSca6	Gga25	Xtr08
3	CL00989			Ler24	Loc05	Gga25	Xtr08
2	CL00333	Cmi18	CplSca4477	Ler24	Loc28	Gga25	Xtr08
2	CL00338	Cmi22	Cpl40	Ler36, LerSca69	Loc24	Gga25	Xtr08
1	CL00544	Cmi19	Cpl07	Ler24	Loc05	Gga25	Xtr08
1	CL01327		Cpl39	LerSca69	Loc24		
1	CL01433	Cmi14	CplSca54015	Ler24			Xtr08
1	CL01478		CplSca72975	LerSca69	LocSca5		Xtr08
1	CL01649	Cmi03		Ler24	Loc05, LocSca635	Gga25	Xtr08
1	CL01674	CmiSca937		LerSca69	Loc10	Gga25	Xtr08
1	CL01684		CplSca14164	Ler03, LerSca69	Loc24	Gga25	Xtr08
1	CL01800	Cmi31		Ler24	Loc24	Gga25	Xtr08
1	CL01864			Ler24	Loc24, LocSca6	Gga25	Xtr08
1	CL02224		Cpl51	Ler24			Xtr08
1	CL02225		Cpl51		Loc02		Xtr08
1	CL02230		CplSca25568	Ler24	Loc24		
1	CL02258			Ler24	Loc04		Xtr08
##group=36
6	CL00664		Cpl47		Loc24		Xtr07
5	CL00632		Cpl47	LerSca			Xtr07
2	CL01112		Cpl47	LerSca	Loc24		
1	CL01477		Cpl47, CplSca11846		Loc26		Xtr07
1	CL01683		Cpl47, CplSca71486		Loc26	Gga05	Xtr07
1	CL02066		Cpl47		LocSca25	Gga01	Xtr07
1	CL02067		Cpl47	LerSca1648	Loc24		Xtr07
##group=37
29	CL00341	Cmi30	Cpl37, CplSca64663	LerSca107	LocSca150	Gga16	Xtr08
8	CL00804	CmiSca	Cpl37	LerSca			Xtr08
5	CL00675	CmiSca	Cpl37	Ler42			Xtr08
4	CL00894	CmiSca	Cpl37	LerSca		Gga16	Xtr08
2	CL00291	Cmi30	CplSca6541	LerSca1022	Loc07	Gga04	Xtr08
2	CL01045	CmiSca	Cpl37	LerSca	LocSca		Xtr08
1	CL01553	CmiSca1632	Cpl37	LerSca165	Loc12		Xtr08
1	CL01579	Cmi30		Ler25			Xtr08
1	CL01599	Cmi30	Cpl37	Ler11, LerSca107, LerSca482, LerSca1093		Gga16	Xtr08
1	CL01605		Cpl37	LerSca194	Loc26, LocSca218	Gga23	Xtr08
1	CL01627	Cmi30	Cpl48, CplSca319	LerSca396, LerSca367, LerSca246			Xtr08
1	CL01672	CmiSca442	Cpl37	LerSca366	Loc14		Xtr08
1	CL01679		Cpl37	LerSca616	Loc29	Gga16	Xtr08
1	CL01793	Cmi30	Cpl37		Loc28	GgaSca95	Xtr08
1	CL01839		Cpl37	LerSca1051	Loc14	Gga09	Xtr08
1	CL01840		Cpl37	LerSca166	Loc29	Gga26	Xtr08
1	CL01841		Cpl37	LerSca165	Loc01	Gga16	Xtr08
1	CL01842		Cpl37	LerSca71	Loc09, LocSca126		Xtr08
1	CL01927	Cmi12	Cpl37	LerSca65			Xtr08
1	CL01976	Cmi30		LerSca446	Loc05		Xtr08
1	CL01977	Cmi30		LerSca93	Loc21		Xtr08
1	CL02055		Cpl37	LerSca465	Loc20		Xtr08
##group=38
26	CL00055	CmiSca	Cpl41	Ler38	Loc02	Gga38	Xtr08
18	CL00696		Cpl41	Ler38	Loc02		Xtr08
14	CL00717		Cpl41	Ler38	Loc02		
11	CL00747	CmiSca	Cpl41	Ler38	Loc02		Xtr08
8	CL00798		Cpl41	Ler38	Loc02	Gga38	Xtr08
5	CL00876	CmiSca	Cpl41	Ler38	Loc02		
4	CL00920	CmiSca	Cpl41	Ler38			Xtr08
4	CL00928		Cpl41		Loc02		Xtr08
3	CL00302	CmiSca902	CplSca1056	Ler38	Loc02	Gga38	Xtr08
3	CL00655	CmiSca	Cpl41		Loc02		
3	CL01003		Cpl41	Ler38			Xtr08
2	CL00607	CmiSca45	Cpl41	Ler38	Loc02	Gga38	Xtr02
2	CL00646	CmiSca185		Ler38	Loc02		
2	CL01083	CmiSca	Cpl41	Ler38	Loc02	Gga38	
2	CL01148	CmiSca	Cpl41	Ler38		Gga38	Xtr08
1	CL00216	CmiSca304, CmiSca68	Cpl32, CplSca146, CplSca13586	Ler06	Loc01	Gga31	Xtr08
1	CL00606	CmiSca45	Cpl41	Ler38	Loc13	Gga38	Xtr08
1	CL00608	CmiSca49	Cpl41	Ler38	Loc28	Gga38	Xtr08
1	CL00617	CmiSca394	Cpl41	Ler38	Loc02	GgaSca144	Xtr08
1	CL00618	CmiSca394	Cpl41	Ler38	Loc02	Gga04	Xtr08
1	CL00626	CmiSca1176	Cpl41	Ler38	Loc02	Gga14	Xtr09
1	CL00627	CmiSca1176	Cpl41	Ler38	Loc02	Gga09	Xtr08
1	CL01248			Ler38	Loc02		Xtr10
1	CL01249		Cpl41	Ler38	Loc10	Gga06	Xtr08
1	CL01276	CmiSca45	Cpl41			Gga38	Xtr08
1	CL01457	CmiSca394	Cpl41		Loc02		Xtr08
1	CL01526	CmiSca45	Cpl41				Xtr08
1	CL01805	CmiSca185	Cpl41	Ler38	Loc26		Xtr08
1	CL01844		Cpl41	Ler38	Loc02	Gga16	Xtr08
1	CL01845		Cpl41	Ler38	Loc02	Gga11	Xtr08
1	CL01984	CmiSca49		Ler38		Gga38	Xtr08
##group=39
30	CL00167	CmiSca	Cpl48	LerSca	Loc02	GgaSca	Xtr03
10	CL00764		Cpl48	LerSca	Loc02		
6	CL00842		Cpl48	LerSca	Loc02		Xtr03
5	CL00861		Cpl48		Loc02		Xtr03
3	CL00649		Cpl43	LerSca	Loc02		Xtr03
3	CL01008		Cpl48	LerSca			Xtr03
3	CL01014		Cpl48	LerSca	Loc02	GgaSca	Xtr03
2	CL01062		Cpl48	Ler51	Loc02		
1	CL01552	CmiSca105	Cpl48		Loc17		Xtr03
1	CL01581	Cmi08	Cpl48				Xtr03
1	CL01585	CmiSca1274	Cpl48	Ler51	Loc02		
1	CL01588	Cmi11	Cpl48		Loc02		
1	CL01663	Cmi11, CmiSca41	Cpl48	LerSca499	Loc02		Xtr03
1	CL01681		Cpl43	LerSca176, LerSca240	Loc02		
1	CL01804	CmiSca60	Cpl35	Ler32	Loc02		Xtr03
1	CL01988	CmiSca398	Cpl43		Loc02		Xtr03
1	CL02060		Cpl43		Loc02	GgaSca64	Xtr03
1	CL02068		Cpl48	Ler51	Loc02		Xtr03
1	CL02070		Cpl48	LerSca240	Loc08		Xtr03
1	CL02072		Cpl48	LerSca1016	Loc02		Xtr01
1	CL02219		Cpl43		Loc02		Xtr03
1	CL02220		Cpl43	Ler51	Loc02		
##group=40
28	CL00603	CmiSca37	Cpl45	LerSca120	Loc28	Gga02	Xtr04
3	CL00949	CmiSca	Cpl45	Ler44	Loc28		Xtr04
3	CL00952	CmiSca	Cpl45	LerSca		Gga39	Xtr04
3	CL00974		Cpl45	Ler44			Xtr04
3	CL00999		Cpl45	LerSca		Gga39	Xtr04
3	CL01023		Cpl45	LerSca	Loc28	Gga39	Xtr04
2	CL01097		Cpl45	Ler44	Loc28		
2	CL01134		Cpl45			Gga39	Xtr04
2	CL01193		Cpl45	Ler44		Gga39	Xtr04
1	CL01632		Cpl45	LerSca70		Gga39	
1	CL01638		Cpl45	Ler14	Loc28		
1	CL01801	CmiSca37	Cpl45	LerSca120		GgaSca44	Xtr04
1	CL01802	CmiSca37	Cpl45		Loc28	Gga05	Xtr04
1	CL01848		Cpl45	LerSca923	Loc07	Gga39	Xtr04
1	CL01982	CmiSca37	Cpl45			Gga39	Xtr04
1	CL01983	CmiSca37	Cpl45	Ler44			Xtr04
1	CL02062		Cpl45	LerSca198		GgaSca44	Xtr04
1	CL02063		Cpl45	LerSca144	Loc28		Xtr02
1	CL02064		Cpl45	Ler44	Loc28		Xtr04
1	CL02174	CmiSca1054		Ler44			Xtr04
1	CL02222		Cpl45	Ler08	Loc28		
1	CL02266			Ler44	Loc28		Xtr04
##group=41
9	CL00610	CmiSca56	Cpl39	LerSca188	Loc01	GgaSca66	Xtr08
3	CL01025		Cpl39		Loc24	Gga25	Xtr08
1	CL01673	CmiSca684	CplSca81707	LerSca530		Gga14	Xtr08
1	CL02057		Cpl39		LocSca198	Gga04	Xtr08
##group=100
21	CL00687	Cmi01	Cpl02	Ler03	Loc02		Xtr01
20	CL00691	Cmi01	Cpl01	Ler01	Loc02		Xtr01
9	CL00768	Cmi01	Cpl01	Ler01	Loc02		
8	CL00787	Cmi01	Cpl02	Ler03	Loc04		Xtr01
7	CL00814	Cmi01	Cpl32	Ler01	Loc04		Xtr01
7	CL00817	Cmi01	Cpl02	Ler03	Loc02		
5	CL00870	Cmi01	Cpl01	Ler01	Loc04		Xtr01
5	CL00871	Cmi01	Cpl01	Ler01			Xtr01
5	CL00874	Cmi01	Cpl01	Ler01	Loc04		
4	CL00921	Cmi01	Cpl01	LerSca	Loc04		
4	CL00926	Cmi01			Loc04		Xtr01
4	CL00935		Cpl02	Ler03	Loc02		Xtr01
3	CL00945	Cmi01	Cpl01		Loc04		Xtr01
3	CL00953	Cmi01	Cpl32	Ler01	Loc04		
3	CL00960	Cmi01			Loc02		Xtr01
3	CL00980	Cmi01	Cpl02	Ler03	Loc04		
3	CL00982	Cmi01	Cpl02		Loc02		Xtr01
3	CL00997	Cmi01	Cpl01		Loc04		
3	CL01028		Cpl01	Ler01			Xtr01
2	CL01042	Cmi01	Cpl01		Loc02		Xtr01
2	CL01087	Cmi01	Cpl32		Loc04		
2	CL01089	Cmi01	Cpl01	Ler48	Loc04		
2	CL01090	Cmi01	Cpl32		Loc04		Xtr01
2	CL01099		Cpl32	Ler01	Loc04		Xtr01
2	CL01113	Cmi01	Cpl01		Loc02		
2	CL01145	Cmi01	Cpl32	Ler01	Loc02		Xtr01
2	CL01162	Cmi01		Ler03	Loc02		Xtr01
1	CL00229	Cmi01	Cpl02	Ler03	Loc04	Gga25	Xtr08
1	CL00251	Cmi01	Cpl02	Ler03	Loc19	Gga28	Xtr01
1	CL00305	Cmi01	Cpl32	Ler01	Loc04	Gga06	Xtr01
1	CL00306	Cmi01	Cpl02, CplSca7842	Ler03	Loc04	Gga14	Xtr01
1	CL00355	Cmi01	Cpl01	Ler01	Loc04	Gga19	Xtr06
1	CL00359	Cmi01	Cpl01	Ler01	Loc04	Gga02	Xtr01
1	CL00361	Cmi01	Cpl01	Ler48	Loc04	Gga02	Xtr05
1	CL00364	Cmi01	Cpl02	Ler03	Loc04	Gga01	Xtr01
1	CL00366	Cmi01	Cpl02	Ler03	Loc02	Gga19	Xtr02
1	CL01264			Ler01	Loc06	Gga13	Xtr01
1	CL01272	Cmi01	Cpl32	Ler01			Xtr01
1	CL01286		Cpl01	LerSca142	Loc04		
1	CL01288		Cpl02	Ler03	Loc04		
1	CL01345		Cpl02	Ler03	Loc02		
1	CL01358	Cmi01		Ler01			Xtr01
1	CL01368		Cpl32	Ler01	Loc04		
1	CL01375	Cmi01	Cpl02		Loc04		Xtr01
1	CL01416	Cmi01	Cpl32	Ler01	Loc02		
1	CL01421	Cmi01		Ler39	Loc02		Xtr08
1	CL01424	Cmi01		Ler03			Xtr01
1	CL01560	Cmi01		Ler01	Loc02	GgaW	Xtr01
1	CL01569	Cmi04	Cpl01	Ler32	Loc02		
1	CL01609	Cmi01			Loc04	Gga13	
1	CL01610	Cmi01	Cpl01				Xtr01
1	CL01635		Cpl32	Ler01	Loc02		
1	CL01647	Cmi01	Cpl02	Ler03	Loc02		Xtr03
1	CL01648	Cmi01, CmiSca836	Cpl02				Xtr01
1	CL01692	Cmi01	Cpl01		Loc04	Gga05	Xtr08
1	CL01694	Cmi01	Cpl01	Ler01	Loc04		Xtr07
1	CL01696	Cmi01	Cpl02	Ler03	Loc02		Xtr06
1	CL01698	Cmi01	Cpl02	Ler03	Loc02		Xtr05
1	CL01870	Cmi01	CplSca10537	Ler01			Xtr01
1	CL01873	Cmi01	Cpl02		Loc02		
1	CL01992		Cpl01	Ler48, LerSca142	Loc04		
1	CL01994		Cpl01	Ler01	Loc04		Xtr01
1	CL02176		Cpl01		LocSca362		Xtr01
1	CL02178		Cpl01	Ler01	Loc02		
1	CL02210		Cpl32		Loc02		Xtr01
1	CL02211		Cpl32		Loc04		Xtr01
1	CL02255			Ler01	Loc04		Xtr01
